:020000040000fa
:020000041fc01b
:043fc000ffffffff01
:020000040000fa
:020000041fc01b
:043fc40098bbfaffad
:020000040000fa
:020000041fc01b
:043fc800b9ff745f6a
:020000040000fa
:020000041fc01b
:043fcc00dbfffeff1a
:020000040000fa
:020000041fc01b
:043ff0000000ffffcf
:020000040000fa
:020000041fc01b
:100000000300001000000000f0f3060000000000f4
:100010000600f00f0000000000601a40c0045a7f84
:100020000500401300000000019d1a3c48d65a27e5
:10003000080040030000000001801d3cf0ffbd27c8
:1000400000801c3cf07f9c27026009402058200162
:1000500007000a248449497d02608940c0000000ed
:1000600000e0dc41ffff4a25faff401500000000d8
:1000700002608b40c0000000019d083c40d808256c
:1000800009f80001000000000080083c94000825e9
:100090000080093c642829250300001000000000ae
:1000a000000000ad040008252b080901fcff201406
:1000b00000000000019d083cccbc082509f80001a7
:1000c000000000000000093c00002925010020116b
:1000d0000000000000488040ffff0a2400588a40ca
:1000e0004000083c00600a4025500a0100608a4038
:1000f000009d093c00002925c000000001788940ce
:100100000000093c0100292500000a2444492a7df9
:1001100001608a408000093c0068894000800840f6
:100120008005097d404c0900006008405800013cf2
:100130002440010100010a3c2540480100240a3cfa
:1001400025404801254028010060884000010a3c04
:1001500000f8ca44c0000000019d083c48d80825aa
:1001600009f800010000000000600840bfff013cea
:10017000ffff2134244001010060884000008430ea
:100180000000a530019d083c88c608250800000134
:04019000000000006b
:020000040000fa
:020000041fc01b
:10038000019d1a3c70d75a27080040030000000066
:020000040000fa
:020000041d00dd
:10018000019d1a3ca8aa5a2708004003000000005d
:020000040000fa
:020000041d00dd
:10020000471a400b00000000bb1a400b0000000022
:100210002f1b400b00000000a31b400b0000000040
:10022000171c400b000000008b1c400b000000005e
:10023000ff1c400b00000000731d400b000000007d
:10024000e71d400b000000005b1e400b000000009b
:10025000cf1e400b00000000431f400b00000000b9
:10026000b71f400b000000002b20400b00000000d7
:100270000000023c00004224070040100000023c45
:100280000000422405004050019d023c3f000070e8
:100290000800e00300000000019d023c4cca42241b
:1002a000030040100000000009f8400000000000ba
:0802b0000800e003000000005b
:020000040000fa
:020000041fc01b
:1004800000f89b40c0000000019d1b3c4cca7b272c
:10049000020060130000000000c09b4000f81b40f9
:0c04a000c00000001f000042000000002f
:020000040000fa
:020000041d00dd
:1002b80080febd270080023c252000002001b0af51
:1002c800258040004401bfaf0001a2af3401b5afa3
:1002d8003001b4af2c01b3af2801b2af503f1326a1
:1002e8002401b1af4001beaf3c01b7af3801b6af92
:1002f8007001bef76801bcf76001baf75801b8f79a
:100308005001b6f7172b400f4801b4f7902e400f55
:10031800009d153cc800628e09f840005800b5af32
:10032800cc00628e2520600209f840000080113c54
:100338004f32400f0080123cf326400f252000006a
:10034800b12e400f009d143cc800628e09f8400091
:100358000100102458032626252800008033400f6a
:100368000a0004248232400f000000007132400f5e
:10037800000000009c80828fec60a326009d073c53
:10038800009d063c1000a3afd460e724d860c624c3
:10039800ff000524b04044261400a2afa08082af1d
:1003a800ec34400f040062aeb04046262528000019
:1003b8008033400f0f000424009d073c009d063c3d
:1003c800f460e7240061c624ff000524ec34400fe4
:1003d800b0404426b0404626252800008033400f10
:1003e8000e000424009d023c34614324009d023c1d
:1003f800406142246000a2af1400a2af009d023cfd
:100408004c614224009d073c009d063c1800a3afa8
:100418001461e7242061c624ff000524b040442667
:100428001000a2afec34400f5c00a3afb0404626ea
:10043800252800008033400f01000424009d023c61
:100448006c614224009d073c5461e7245c61862668
:10045800ff000524b0404426ec34400f1000a2af42
:10046800b0404626252800008033400f03000424ae
:10047800009d023c80614224009d073c7461e72492
:100488005c618626ff000524b0404426ec34400f0a
:100498001000a2afb0404626252800008033400f48
:1004a80004000424da34400f009d143c9001052414
:1004b800e334400f010004248934400f2520000054
:1004c8008934400f0100042486bf023c3800a2afe3
:1004d80025a8000209000010008016343800a38ff8
:1004e800100002243c0276ac3c0062acf534400fac
:1004f800000000008d03401400000000d000628e50
:1005080009f840002520600225804000f3ff4010d4
:10051800010004243800b08f00800234c409042488
:10052800340202ae10000224340002aea734400f99
:1005380000000000000405244335400f252000007a
:10054800000405244335400f030004243c35400fc4
:1005580000000000a080848f1000053c00080224e1
:100568005719a524380202ae3423400f0080103cee
:100578001000659602000424e334400fd400b0afa5
:10058800019d023c88d754d4019d023c80d75ad49f
:10059800009d023ce000a2af9c615624009d023cf5
:1005a800e400a2af009d023c009d043ce800a2af1d
:1005b800009d023c0080033c0c01a2afd061822464
:1005c8000801a2afc03b62240401a2af0080023c34
:1005d800c400a2af0080023c8c00a2af0080023ca5
:1005e800c800a2af009d023cb800a2af009d023c2b
:1005f800bc00a2af009d023cc000a2af009d023c1f
:100608006400a2af009d023c6800a2af009d023cbe
:100618006c00a2af009d023cc86042249400a2afc7
:10062800009d023cc46042249000a2af009d023ca1
:100638007000a2af0080023c582642245000a2afae
:100648000080023cd8264224f000a2af0080023c81
:1006580058274224d000a2af009d023cec00a2af74
:10066800009d023c0080053c0080063c7400a2af5f
:10067800009d023cd800a3af1001a4af5400a5af61
:10068800b400a6affc00a0af4800a0af3c00a0afec
:100698007800a2af009d023c7c00a2af009d023c06
:1006a8008000a2af009d023cd06042249c00a2af13
:1006b800009d023ccc6042249800a2af009d023c01
:1006c8008400a2af009d023ca000a2af88bf023cfc
:1006d8008800a2af009d023ca400a2af009d023c8e
:1006e800a800a2af009d023cac00a2af009d023c56
:1006f800b000a2afc83ec2244c00a2af0080023caa
:10070800cc00a2af0080023cdc00a2af0080023c1b
:100718000a3f42241401a2af0080023c88254224eb
:10072800f400a2af0080023c942542241801a2af35
:100738000080023c0080153cc425422406d7204690
:1007480006a6204686a5204625f00000c03c1426b3
:10075800683eb1245825b526f800a2afcb31400f2a
:1007680000000000860140143800a28f1e0062922b
:10077800ff004230da01401000000000f534400f5d
:100788000200042405004050100065963800a38f2d
:10079800100002243c0062ac10006596e334400f60
:1007a80002000424b12e400f00000000d400628e25
:1007b80009f84000252060025400a28f2528600215
:1007c8001e0060a29f20400f683e4424400020c6bf
:1007d8002100004602003a463ea02046d2010345c9
:1007e800010034460d002046000005442520000085
:1007f8000004a5244335400fffffa530440020c660
:100808002100004602003c463ec12046d50107456e
:10081800010038460d002046000005440004a524c8
:10082800ffffa5304335400f03000424400020c6d5
:10083800c400a28f2100004600000644000067445f
:10084800e82f400f303e4424440021c68c00a28f7c
:100858002000204661080046000806440008674456
:10086800f83d4424e82f400f4c0020e6480021c6fc
:10087800c800a28f2000204661080046000867448f
:1008880000080644c03d4424e82f400f500020e6ed
:10089800380023d6280021d61800638e300022d6cf
:1008a800b800a48f1400628e200020462000a3f711
:1008b8001000a1f72c00a3af1800a2f7f06186245e
:1008c800ff000524b04044262800a2afec34400fb6
:1008d800540020e6b0404626252800008033400f0b
:1008e800252000005c0026c6480024c6440022c615
:1008f800400020c6bc00a28fa1310046212100463d
:10090800a1100046210000462800a6f72000a4f701
:100918001800a2f71000a0f70c624624ff00052477
:10092800ec34400fb0404426b0404626252800004d
:100938008033400f010004245800a28fff000524d3
:10094800b0404426ec604724c000a28f24624624ad
:100958005c00a28f1400a2af6000a28fec34400f9d
:100968001000a2afb0404626252800008033400f73
:100978000e000424a733400f2520600225384000cc
:100988006400a28fff000524b0404426ec34400fd9
:1009980044624624b0404626252800008033400f94
:1009a800030004246800a28f0800678eff00052456
:1009b8004c624624ec34400fb0404426b0404626f2
:1009c800252800008033400f040004246c00a28f07
:1009d8000f006792ff00052454624624ec34400f50
:1009e800b0404426b0404626252800008033400ffa
:1009f800050004247000a28f210067929000a38f45
:100a08005c6246249400a28fff00e730ff000524b3
:100a18000b10670025384000ec34400fb0404426e6
:100a2800b0404626252800008033400f06000424e5
:100a38005135400f28002cd630002cd65835400fa1
:100a48008607204680f720465f35400f38002cd6b1
:100a580000f0204670809ed75000a28f02003e46cc
:100a68003eb220464401094521185e000d0020468b
:100a7800000002440100de2780ff4224ff00de332d
:100a88004701c013000062a03800a38f01000224b0
:100a9800380162ac4800a28f17014014ec00a28f05
:100aa80025b80000800010248a29b77eff00e432b0
:100ab800b731400f0100f726fcfff0568a29b77eb0
:100ac800280020d6300022d6380021d63800a38f3f
:100ad80001000224340162ac608080f7188182f73b
:100ae800108181f7088180f7c814400f00000000ca
:100af800da34400f000000003100a5272e35400fe2
:100b08003000a4277400a28fa080878fff000524df
:100b180074624624ec34400fb0404426b040462668
:100b2800252800008033400f0b0004247800a28f92
:100b38003000a793ff00052480624624ec34400f60
:100b4800b0404426b0404626140005248033400fa8
:100b5800040004247c00a28f3100a793ff00052421
:100b68008c624624ec34400fb0404426b040462600
:100b7800140005248033400f050004241f000524b9
:100b8800e432400f01000424253840008000a28f81
:100b9800ff000524b0404426ec34400f98624624f8
:100ba800b0404626140005248033400f0600042474
:100bb800f432400f010004249800a38f9c00a78ff3
:100bc800ff000524b04044260b3862008400a28f41
:100bd800ec34400fa4624624b04046261400052495
:100be8008033400f07000424a000a28f2538c003db
:100bf800ff000524b0624624ec34400fb040442680
:100c0800b0404626140005248033400f0800042411
:100c18008800b08fa400a28fff000524c000078eb3
:100c2800bc624624ec34400fb0404426b04046260f
:100c3800140005248033400f09000424a800a28f63
:100c4800e000078eff000524c4624624ec34400f00
:100c5800b0404426b0404626120005248033400f99
:100c68000a000424ac00a28ff000078eff000524c0
:100c7800cc624624ec34400fb0404426b0404626af
:100c8800120005248033400f0b0004247000078ee7
:100c98000836400f4400a7af0c36400f25804000af
:100ca8000a36400f4000a2af1800a2af4000a38f41
:100cb800b000a28f4400a78f1400a3afd4624624cb
:100cc800ff000524b0404426ec34400f1000b0afbc
:100cd800b0404626252800008033400f0d0004242c
:100ce800b400a28f252000002314400fc83e4524dd
:100cf800218182934c00a38fff004230cc00401426
:100d0800008283afcc00a28f252800000c000424a9
:100d18008033400f642746243c00a38f010002243f
:100d2800d10062105400a28f070160100200022453
:100d3800d3006210030002240d006214dc00a38fac
:100d480009000224083f62a44800a28f2901401428
:100d58001801a38ffc00a28f0002432c010042243b
:100d680001006338ffff42304800a3affc00a2af88
:100d7800cb31400f3c00a0af7cfe40103800a28f62
:100d88000080173400401024380257acb12e400fb1
:100d980000000000e000a38fd400a58f0400c28edd
:100da8009c61648c0800c38e030084aac03ca4b86c
:100db800070082aa040082ba0c00c28e0b0083aa24
:100dc800080083ba1000c48e1400c38e0f0082aad4
:100dd8000c0082ba130084aa1800c28e100084bacc
:100de800170083aa140083ba1c00c7921b0082aaaa
:100df8001d00c592180082ba3800a28f1c0087a275
:100e08001d0085a2f4010424340150aca734400f1e
:100e1800000000003800a28f94110424380150ac5f
:100e2800a734400f00000000e400a28f030005244f
:100e38006400400fbc614424a734400f140004240c
:100e4800e800a28f010005246400400fc06144241b
:100e5800a734400f14000424d835400f00000000c8
:100e6800c00040101001a28f0c01a28f08000524b9
:100e78006400400fc4614424d800a28f1e000524da
:100e8800d323400fc03b4424a734400ff40104246b
:100e9800f231400f00000000d400a28f2528000086
:100ea800060004248033400fc03c4624d800a28f9b
:100eb80007000424252800008033400fc03b462447
:100ec800da34400f00000000a734400f88130424d0
:100ed8001e006292ff00423028fe4014000000000d
:100ee800f534400f0200042424fe401400000000e2
:100ef8001afe0010000000008a39be7eb040442669
:100f0800646246241000beafec34400fff00052495
:100f1800b0404626040005248033400f070004240f
:100f2800e0fe001025b800000080023c25200000eb
:100f38000d002046000005442528a2000004a52431
:100f48004335400fffffa530440020c6210000466e
:100f580002003c463ec120462ffe06450d002046b5
:100f6800010038460080023c0d0020460000054480
:100f78002afe00102528a200010036460080043c05
:100f88000100de27ff00de330d002046000002448a
:100f98002510440080ff4224bbfec017000062a059
:100fa8003800b78f01001024252000003801f0ae6a
:100fb800db25400f00000000f000a48f800006240d
:100fc800252800003401f0aebc34400f00000000ba
:100fd8005000a38f2510a0020300678807006688c9
:100fe8000b00658800006798040066980f00648805
:100ff800030047a8000047b808006598070046a8fe
:10100800040046b80c0064980b0045a8080045b8d1
:101018000f0044a80c0044b8d000a48f100063242b
:10102800edff64141000422498fe00103800a38fce
:1010380025206000218180a3fb15400f00000000df
:10104800cc00a28f252800000c0004248033400f18
:10105800642746243c00a38f0100022432ff621457
:10106800000000005400a28f020004242314400f43
:10107800683e452402000224b8fd00103c00a2afdf
:10108800dc00a38f08000224083f62a403000224a6
:101098003c00a2af4800a28fb0fd40101401a28fff
:1010a8002518a00203006788070066880b0065887a
:1010b80000006798040066980f006488030047a83a
:1010c800000047b808006598070046a8040046b81d
:1010d8000c0064980b0045a8080045b80f0044a808
:1010e8000c0044b8f400a48f10006324edff6414ce
:1010f800100042240300858825308000070084887a
:101108000b00c3880000c5980400c4980800c39861
:10111800030045a8000045b8070044a8040044b8e7
:101128000b0043a8dc00a48f080043b80300022486
:10113800083f8524020004242314400f3c00a2af7a
:1011480086fd0010000000000001a28f02000424a8
:101158002314400f503f4524010002247ffd001056
:101168003c00a2af0801a68f0401a58fd061448c72
:10117800d800a78f0400c28c0800c38c0300a4a861
:10118800c03be4b80700a2a80400a2b80c00c28cb7
:101198000b00a3a80800a3b81000c48c1400c38ccb
:1011a8000f00a2a80c00a2b81800c28c1300a4a8b3
:1011b8001000a4b81700a3a82520a0001c00c59003
:1011c800140083b83800b08f251880001b0082a84f
:1011d800180062b8c80004241c0065a0340117aeca
:1011e800a734400f00000000380117ae26ff00109a
:1011f800000000001401a28f0300678807006688ba
:101208000b00658800006798040066980f006488e2
:10121800030047a8000047b808006598070046a8db
:10122800040046b80c0064980b0045a8080045b8af
:101238000f0044a80c0044b8f800a48f10006324e1
:10124800edff6414100042240300858825308000d7
:10125800070084880b00c3880000c5980400c49860
:101268000800c398030045a8000045b8070044a833
:10127800040044b80b0043a8dc00a48f080043b85e
:101288003c00a0af083f85242314400f020004242b
:1012980032fd001000000000252000003c0262ac76
:1012a800100002243c0062ac7a35400f00000000b8
:1012b800010004247a35400f25b040001000a2af89
:1012c8002538c00288618626ff000524ec34400fcb
:1012d800b0404426b0404626252800008033400f01
:1012e8000d00042458032626252800008033400fcb
:1012f80009000424da34400f00000000c800052467
:10130800e334400f010004248934400f25200000f5
:101318008934400f01000424d000628e09f840008f
:10132800252060026bfc405425a8000273fca01223
:1013380000801634f534400f01000424fdff4010ee
:0c1348003800a38fd4ff00100080023496
:020000040000fa
:020000041d00dd
:101354009400008004000000000000009801008058
:101364001400000000000000f801008000010000eb
:101374000000000098000080090000000000000048
:1013840000000080040000000100000003000000d1
:10139400f09f00a005000000010000000000000014
:1013a40000000000f89f00a00400000000000000fe
:1013b40000af00a0000f00000000000000a000a08b
:1013c400000f000000000000ac01008034000000a9
:1013d40000000000a10000800200000000000000e6
:1013e400a40000800500000000000000ac000080a4
:1013f4000400000000000000702800a0d4120000c7
:1014040000000000f802008010000000000000004e
:10141400b04100809400000000000000e001008062
:101424001000000000000000b00000800800000070
:1014340000000000080300805000000000000000cd
:10144400b8000080100000000000000004000080cc
:101454000f000000010000000100000083000000f4
:10146400aa000000800000009040008020000000de
:101474000400000003001f0018000080400000006a
:10148400040000007b14ae47e17a843f555555555e
:101494005555054000063c40000624409a99999908
:1014a4009999b93f0005c0a2400005c092400006ca
:1014b400f03f0000c8000080480000000000000069
:1014c4005803008000010000000000004442008036
:1014d4004000000000000000100100802c0000000b
:1014e400000000005800008004000000010000001b
:1014f400030000004001008018000000000000000c
:101504006000008008000000040000000006444061
:10151400580400800023000000000000503b0080bd
:10152400700200000400000007000f0700173ecd02
:1015340025c97bdc6fbd00402000ff5761697469d9
:101544006e6720666f7220636f6d6d616e647300e9
:10155400ec0000005801008034000000000000008e
:10156400680000802400000001000000000000006a
:101574000000f03fb5620a040000000057190000a3
:1015840000000000c04d009dcc4d009d02000000f5
:10159400c03d00806802000001000000000000005f
:1015a4000000000000000000000000000000000037
:1015b40000c082400000000000c082c0cdcccccc72
:1015c400ccccf03f00000000000010400000000000
:1015d4000000000000000000000000000000000007
:1015e400000000000000000000c082400000000075
:1015f40000c082c0cdccccccccccf03f00000000ed
:101604000000104000000000000000000000000086
:1016140000000000000000000000000000000000c6
:1016240000c082400000000000c082c0cdcccccc01
:10163400ccccf03f0000000000001040000000008f
:101644000000000001000000000000000000000095
:101654000000000000000000000000000000000086
:101664000000000000000000000000000000000076
:101674000000000000000000000000000000000066
:101684000000000000000000000000000000000056
:101694000000000000000000000000000000000046
:1016a4000000000000000000000000000000000036
:1016b4000000000000000000000000000000000026
:1016c4000000000000000000000000000000000016
:1016d4000000000000000000000000000000000006
:1016e40000000000080000000000000000000000ee
:1016f40000000000000000000000000000000000e6
:1017040000000000000000000000000000000000d5
:1017140000000000000000000000000000000000c5
:1017240000000000000000000000000002000000b3
:10173400000000000100000000040c080a00000082
:101744000000000000000000000001000000000094
:101754000000000000000000000000000100000084
:101764000000000000000000000000000000000075
:101774000000000000000000000000000000000065
:101784000000000000000000000000000000000055
:101794000000000000000000000000000000000045
:1017a4000000000000000000000000000000000035
:1017b4000000000000000000000000000000000025
:1017c4000000000000000000000000000000000015
:1017d4000000000000000000000000000000000005
:1017e4000000000000000000982000b40000000089
:1017f40000000000dcc4009d28a6009da099009d67
:10180400405a009db040008000010000000000002c
:101814008c0000800800000001000000571900003f
:101824005a030000f00100800400000000000000e2
:10183400582700800c000000000000008c0100808c
:101844000100000000000000642700800001000087
:10185400000000009001008008000000000000006b
:10186400400581bf7000000001000000000200007c
:10187400700200007002000070020000700200009c
:10188400700200007002000070020000700200008c
:10189400700200007002000070020000700200007c
:1018a40008020000700200007002000070020000d4
:1018b400700200007002000070020000700200005c
:1018c40070020000700200007002000010020000ac
:1018d400700200007002000070020000b80581bfb1
:1018e4001000000001000000180200007002000057
:1018f4007002000070020000cc0581bf40000000af
:101904000100000070020000200200002802000014
:1019140070020000700200007002000070020000fb
:1019240070020000700200007002000070020000eb
:1019340070020000700200007002000070020000db
:1019440070020000140681bf2400000001000000a2
:101954007002000030020000380200007002000033
:1019640070020000700200007002000070020000ab
:10197400700200005c0681bf5800000001000000f6
:101984007002000040020000480200005002000003
:101994007002000058020000700200007002000093
:1019a400700200007002000070020000700200006b
:1019b400700200007002000070020000700200005b
:1019c400700200007002000070020000700200004b
:1019d4007002000070020000b80681bf80000000a1
:1019e400010000007002000070020000700200009c
:1019f400700200007002000070020000700200001b
:101a0400700200007002000070020000700200000a
:101a140070020000700200007002000070020000fa
:101a240070020000700200007002000070020000ea
:101a340070020000700200007002000070020000da
:101a440070020000700200007002000070020000ca
:101a540070020000700200007002000070020000ba
:101a640070020000480781bf100000000100000060
:101a7400700200007002000070020000700200009a
:101a8400880781bf08000000010000007002000008
:101a940070020000a00781bf2c00000001000000bc
:101aa400700200007002000070020000700200006a
:101ab400700200007002000070020000700200005a
:101ac400700200007002000070020000dc0781bf99
:101ad400040000000100000070020000e40781bf60
:101ae40028000000010000007002000060020000f5
:101af400700200007002000070020000700200001a
:101b04007002000070020000700200007002000009
:101b1400180881bf100000000100000070020000de
:101b2400700200007002000068020000340881bfe7
:101b3400040000000100000070020000d80881bf0a
:101b4400040000000100000070020000f80881bfda
:101b54000c00000001000000700200007002000090
:101b640070020000140981bf0c0000000100000095
:101b7400700200007002000070020000240981bf9e
:101b8400100000000100000070020000700200005c
:101b94007002000070020000380981bf08000000d4
:101ba4000100000070020000700200002840008064
:101bb40068000000010000003040008030400080d8
:101bc400010000000300000000000000000000000d
:101bd40000000000000000000000000090af009d25
:101be40000000000000000000000000058d4009d28
:101bf40060d8009d0000000000000000000000000c
:101c040000000000000000000000000000000000d0
:101c140000000000000000000000000000000000c0
:101c2400f401008004000000010000002c4000804a
:101c34006428008004000000000000000000000090
:020000040000fa
:020000041d00dd
:101c440068fdbd27ecffc2287002beaf7402bfafaf
:101c54006c02b7af6802b6af6402b5af6002b4af4e
:101c64005c02b3af5802b2af5402b1af5002b0af8e
:101c74008802b8f78002b6f77802b4f725f0a0001e
:101c84000600401425180000fdffc3241800022498
:101c94001a006200f401400012180000a802a28f8a
:101ca400009d083c480108258010020021104800ce
:101cb4000000558cffffe82423606800009d0b3c66
:101cc4002168a8025001a9272510800140006b2536
:101cd40023504c002a50aa01870040111000b62757
:101ce400c04807005001a227214849002560c002ce
:101cf400255800002a50ab029800401101007124bd
:101d0400e8ff09240210297280b815002598a00262
:101d140021884600019d063c38d0d4d4019d063c60
:101d240040d0d6d4f001a22721b85700c030130008
:101d34000103d64c019d063c28d0c2d4019d063c2b
:101d440030d0c4d4f001b0272550000225486002e9
:101d54008700201d25302002a402a7af9802a4af5b
:101d64004802a8afe42d400f4002a3af020334465b
:101d7400412c400f06062046020036464002a38f3f
:101d84004802a88f9802a48fa402a78f01c62046f8
:101d94000dc0204600001444210080468100201a12
:101da40001c62046ffff6626803006002130c602a9
:101db400e001d28c18000924235031010748520154
:101dc40021a089020448490123904902e001d2acd0
:101dd400170006242330d1000790d2002200405a75
:101de40000008044ff000b3c0100942625500000b5
:101df40025480000ffff6b3500010c3c2a305301dd
:101e04007600c014000000000500201a010006241a
:101e1400810026120200062486002612ffff662691
:101e2400020006240f004616019d063c50d0ccd477
:101e34000c0020110166384625302002a402a7af09
:101e44009802a4af4802a8afe42d400f4002a3af0c
:101e540001c62046a402a78f9802a48f4802a88f27
:101e64004002a38f000080440000e04432c12046b9
:101e7400a6000445ffff7026253000022548000017
:101e84002a50d50070004051805006009500205122
:101e94002530e00280181000f001a2272118430029
:101ea4000000638c97006010e8ff3126019d033c1d
:101eb40050d06cd4e42d400f25302002019d043c09
:101ec40028d084d425180002ad0061042520000226
:101ed400009d093cc5008004c0300400000080441b
:101ee400000028252130d6000000e04425380000f9
:101ef400b4000010231804020000804406004004cb
:101f04000000e0448050020021506a0100004a8d24
:101f140000008a4421008046000020f5010042248c
:101f24006bff001008002925c0700a008100c44d11
:101f34000000a1d501004a252110014c2a700a0194
:101f4400f9ffc011f8ffad25000080f501006b25f5
:101f540008008c2567ff0010080029250000804434
:101f6400256820010000e044f4ff00102550000023
:101f740002602246ffff2925c030090004004a25db
:101f84000d00204621008046820124460163264636
:101f94004d6020460103d64cfcff41e56cff001068
:101fa40000032c4606002016ffff6626803006003c
:101fb4002130c602e001d28c88ff0010c3951200c4
:101fc400019d063c48d0c0d43e003846a5ff0045dc
:101fd4002590000083ff0010020012240a0020153f
:101fe4000000068e0500c05001004a2523308601fa
:101ff400000006ae0100062401004a250400102654
:102004007eff00102548c00023306601000006aea4
:10201400f9ff001025302001ffff662680300600fe
:102024002130c602e001ca8c00b04a7d7cff00105a
:10203400e001caac803006002130c602e001ca8c3f
:10204400faff001000a84a7df001a22721504a009f
:1020540000004a8dffffc62489ff001025482a018d
:1020640001004a25fcffc6240000c98cfcff201196
:102074005001a22721306702c0300600009d0b3cae
:10208400010069262130460021986a0240006b2530
:102094002a50690225ff40152150690080500a002a
:1020a40021506a0100004a8d2560c00000008a4466
:1020b40025500000210080460000c0f40000804448
:1020c4000000e0442a680a010800a011c0680a0060
:1020d400c05009000900564d01002925ecff0010ed
:1020e4000800c624dfff001001000a24000081d587
:1020f4008100a44d01004a25f8ff8c25f1ff001052
:102104002110014c63ff0010ffff102606c3204678
:10211400e42d400f23301100019d033c30d064d4e2
:102124003e2220461100084580181300019d043cfe
:1021340028d082d4010070262120c30282002246c6
:10214400801810002118c302180031264d102046b3
:10215400a108804682102446010022460d00204634
:10216400e00180e451ff0010e00161e42120c3029a
:102174000d002046e00180e44cff00102580600241
:1021840080200300f001a227212044000000848c59
:10219400c0300300ffff632400088444a108804684
:1021a400821020460200244647ff00100910d64c36
:1021b4000000c1d40100e724080008252110014cc7
:1021c4000800c6242a50a702030040152a506700bd
:1021d400f7ff4051000002d5c01803002118c302c4
:1021e400a00060f43bff0010ffff8424a802a28f2c
:1021f4000300422815004010a802a28f6a00405c28
:1022040025100002420040504002a0af7402bf8f6c
:10221400070082327002be8f6c02b78f6802b68fdd
:102224006402b58f6002b48f5c02b38f5802b28f20
:102234005402b18f5002b08f8802b8d78002b6d74b
:102244007802b4d70800e0039802bd27a802a38f40
:1022540003000224edff6214b000a827c010100090
:102264002110020125184000252000025a00801c7c
:10227400f8ff632425180002020064285f00801020
:10228400f8ff422425300000253800000200022a0d
:1022940063004010b000a48fb400a58fb800a88fcd
:1022a400bc00a98f670040160000c4af0400c5af8e
:1022b4000800c8af0c00c9af1000c6afd3ff0010b0
:1022c4001400c7af4002a1d70100434cffff102602
:1022d400000820464002a0f7faff0106c0101000d3
:1022e400080040124002a28f4402a38f4802a2af0a
:1022f4000080023c261043004c02a2af4802a0d743
:102304004002a0f74002a0d7c0ff00100000c0f7b1
:102314004402a0aff0ff0010b000a3274002a1d7f1
:102324000100644cffff4224000820464002a0f74d
:10233400faff4304c01802004002a28f05004012b5
:102344004402a38f4402a58f4002a28f0080063c62
:102354002618c500b000a0d74002a1d70000c2af24
:102364000400c3af01002146010006240000084414
:10237400000069442a3806020f00e0100800842493
:10238400060040120080023c261049004002a8af1b
:102394004402a2af4002a88f4402a98f0800c8af2c
:1023a4009aff00100c00c9af4002a0af4402a0afd6
:1023b400dfff0010b000a42700088844000080d488
:1023c4000008e9440100c62400082046000008442f
:1023d400e8ff001000006944000060d4080061d4e4
:1023e400ffff84248000214601002246000062f49d
:1023f400000021469dff0010080060f4000040d456
:10240400080041d4ffff63248000214601002246d6
:10241400000042f40000214697ff0010080040f439
:10242400c0101000000886440100484c0008e7442e
:10243400ffff1026000820460000064493ff00100a
:10244400000067440080023c261845000400c3af26
:1024540026184900261047000800c8af0c00c3af77
:0c2464001000c6af69ff00101400c2afea
:020000040000fa
:020000041d00dd
:1024700068ffbd27a400a7af0000c0d41000a28c45
:102480007800beaf1800a0f7000080441800a1d764
:102490000000e0446400b3af3c0820466000b2afe7
:1024a0005c00b1af5800b0af7c00bfaf7400b7aff5
:1024b0007000b6af6c00b5af6800b4af8800b6f777
:1024c0008000b4f79800a4af2588a0000000b28c6b
:1024d0000400be8c0800b38c4000a2af0800014588
:1024e0000c00b08c04004232390040140800543211
:1024f0000f00801225b060020a00001020000224a4
:102500001800a28f1c00a38f2000a2af0080023c05
:10251000261043002400a2af2000a1d72d000224e2
:102520001800a1f7000002a2ffff76260100142484
:102530001c00a28f1800a48f2118140200f0427c06
:10254000270080142800a3aff07f033c250043142c
:10255000f07f053ca400a28fbfff51241a00312e4a
:102560001d002012019d053c019d053c90d7a5242e
:10257000c634400f2800a48ffd33400f25200002f1
:102580009800a48f1000b2af253860022528000201
:102590000a29400f253040007c00bf8f7800be8f95
:1025a0007400b78f7000b68f6c00b58f6800b48f61
:1025b0006400b38f6000b28f5c00b18f5800b08fa1
:1025c0008800b6d78000b4d70800e0039800bd2784
:1025d000d4ff00102b000224e5ff001094d7a5249f
:1025e000f07f053c0100a3242b1843000500605038
:1025f000a400a28f0c0045141800a1d70a00801077
:10260000a400a28fbfff51241a00312e04002052d3
:10261000019d053c019d053cd5ff001098d7a524e0
:10262000d3ff00109cd7a524019d053c019d023cd1
:10263000320920462c00a2af38d4b4d41f00044580
:1026400025a80000a400a48f6635400f2000a5af88
:102650002014027c2000a58f3401c00767000424e9
:102660002900441425b840000100c05301001e2475
:10267000fcffa42a030080142a20be022501801436
:10268000000000002a0000106500172406052046ff
:102690000100b52602a022461800a1d73c0a204618
:1026a000faff08452c00a38f019d043c2510000073
:1026b00048d480d40f00001040d462d4f5ff00103d
:1026c00040d442d4d4fea42a0800805003a5224658
:1026d000050040141800a1d702a5204601000224dd
:1026e000420820461800a1f703a52246ffffb526a1
:1026f0001800a1d73c0b3446f2ff0d45a400a48f6f
:10270000d1ff001000000000660004240800e41659
:102710000100de270300a1066700042438d4b4d4e6
:1027200025a80000020044106600172421f0d503fc
:102730001800a0d786a52046252800002000a0f775
:102740002000a0d74c00a5af4800a2af412c400ffd
:10275000030336462000a28f0080073c4d00204630
:102760003000a2af2400a28f4400a1e786b3204628
:102770002610e2003400a2af3000a1d706032046a5
:10278000cf0a400f1000a1f700006d440080073c05
:102790002610ed002400a2af2c00a28f4c00a58fc4
:1027a00000000c4440d440d40100a5242000acaf6c
:1027b00083b52046e2ffc5174800a28f019d043c67
:1027c00050d48ed42000a0d782b32e463c042e468f
:1027d0005e00114532052e46050014454400a38fc6
:1027e000000080440000e04401006430920324466d
:1027f0002c00a38f1800a0d740d476d400002e461a
:1028000082a53646000004443eb6204652001845d4
:1028100000006544660007245000e7160100b52655
:102820000100de272548a00223183e011800a3afaf
:1028300025f0800225600000257800001800a38f95
:10284000060069102568c00310002a8efbff4a2588
:102850002b50ca0346004055000084440600e01592
:10286000100042320400401021680d022e000224a4
:102870000100de270000a2a121201e026500022423
:102880002200e216000080a00300a1062528000017
:1028900023a81500010005244000a28ffeffcc26ce
:1028a0000a000b24ffff422421480202000020a15d
:1028b000020009248600a016213089018400201d11
:1028c0002b0003242d0009240b1825012528600066
:1028d00021180202ffff65a0a400a38ffeff42247f
:1028e00021280202bfff71241a00312e4500032463
:1028f0000bb871002a38c2030000b7a00300e01033
:10290000feffd624c634400f000000000300423210
:102910000200032418ff43140000000016ffc01a31
:1029200000000000fd33400f252000022a1854004b
:10293000710060102530c0022800a48fbc34400f05
:10294000300005240cff0010259800000070804422
:10295000a7ff00100070e04486a520466500e93a14
:102960002518a0020a180900afff001025486000d2
:102970005000a2af0000e5444c00acaf0303364664
:102980004800afaf4400a9af3000adaf2000a4af06
:10299000412c400f2400a5af4d00204600080a44fa
:1029a00009000e240a0058290a50d80110004e329e
:1029b0002570ca012000a48f2400a58f3000ad8fa0
:1029c0004400a98f4800af8f4c00ac8f0b00c0159e
:1029d0005000a28f67000e2408004e140000000073
:1029e0001d00200501008e252568c00321c01e02a0
:1029f000257080010f00001030001924fbffe05506
:102a00002568c003f9ff23052568c00321680d026e
:102a10002e000e240100de27ffffd6260000aea107
:102a2000f1ff001001000f24000019a3ffffce25c5
:102a300001001827fcffc015ffffc62621680d0204
:102a40000100c7272168ac0130004a2523b0cc0023
:102a500021f0ec000000aaa100800a3c4c00a2afcb
:102a6000261045013800a4af3c00a2af3800a1d722
:102a700086b32046060320461000a1f74800aeaffb
:102a80004400afaf3000a9af2000a4afcf0a400f81
:102a90002400a5af2c00a28f00000c4400006d4460
:102aa0003000a98f40d440d44800ae8f00800a3c4b
:102ab0002520800126284d0183b52046ffff2925ca
:102ac0002560c0014c00a28f5cff00104400af8f56
:102ad0001a00ab02f4016001ffff42242130020220
:102ae000ffff29251050000030004a250000caa031
:102af00070ff001012a8000021180202000064807c
:102b00002118c20221180302000064a087ff0010f0
:102b1000ffff422403ffa10667000424fafe001011
:102b200066001724d2fe001006001e24d0fe4410ba
:0c2b300006001e24f4fe001025b8400032
:020000040000fa
:020000041d00dd
:102b3c0068ffbd2700600644006067443000a4278e
:102b4c009800acf78400bfaf6000b0af8800b4f75a
:102b5c00a000aef7a800b4d78000beaf7c00b7af22
:102b6c007800b6af7400b5af7000b4af6c00b3af03
:102b7c006800b2afc12d400f6400b1afa000aed75a
:102b8c002000a42700700644c12d400f007067443c
:102b9c0000a0064400a06744c12d400f1000a427dc
:102bac003800b08fa000aed7cb03022a050040102e
:102bbc009800acd72800a68fcb03c2280300401482
:102bcc001800a28f0600001021658e4ecb034328ff
:102bdc0011006014cb0303240100435421658e4e75
:102bec008400bf8f06a020468000be8f7c00b78f6c
:102bfc007800b68f7400b58f7000b48f6c00b38ff3
:102c0c006800b28f6400b18f6000b08f8800b4d7b9
:102c1c000800e0039800bd273000a88f2000aa8f81
:102c2c002400a48f3400ac8f19000a012180060205
:102c3c0023905000127000004000aeaf4000b78fe0
:102c4c00107800004400afaf4400a38f19000401ba
:102c5c00124000001048000019008a0112500000b8
:102c6c0021b00a012b28c8021058000021502b015a
:102c7c002128aa00190084012158c3022b206301ca
:102c8c0012600000212885012120a400106800009a
:102c9c002b50ac0021504d012b188500258880004d
:102cac00a500401a21506a004000432a1000a98f49
:102cbc006d0060101400a88f25202001252800012c
:102ccc00253040025400aaaf5000abafa000aef7c5
:102cdc009800acf74c00a9af7133400f4800a8af77
:102cec004c00a98f4800a88f400006242520200105
:102cfc00252800012330d200259840006233400f74
:102d0c004000a3af4000a78f9800acd7a000aed76f
:102d1c005000ab8f5400aa8f25484000254060001e
:102d2c002c00a28f3c00b28f269042021c00a28f76
:102d3c00ac00521421f077022b18d30321b0eb0016
:102d4c0021b076002b10c7020700401401000524a7
:102d5c000500f654252800002b98d30303006016b9
:102d6c0021a031012528000021a031012b1089025e
:102d7c0021180a0121a0b400211843002b28850238
:102d8c0021a8a300252080025830400f2528a0023e
:102d9c00ffff5124400006242330d1002520c0031e
:102dac006233400f2528c0022530200225208002e6
:102dbc002528a00225b840007133400f25986000eb
:102dcc00253020022520c0032528c00225b8e202a8
:102ddc007133400f25986302251043002b1002001d
:102dec00400010262510e20225204000060040126b
:102dfc0025286002233002002b180600233813000c
:102e0c002520c0002328e300000084442330110255
:102e1c000000e544c4fbc328ce0060102103a0468b
:102e2c00c3fb0324cf00c354802d1300ac0040120d
:102e3c00019d033c80d462d432102c46ab0000457b
:102e4c00401d0200019d023c88d440d4019d023cef
:102e5c0090d454d40263204620632046216300465c
:102e6c005fff001002653446c0ff5226c0ff50249d
:102e7c0025980000aaff4012253800004000422a85
:102e8c00500040105800aaaf4000a48f40001524f9
:102e9c0023a8b202252860012530a0025400a7af58
:102eac005000a8af4c00a9afa000aef79800acf74b
:102ebc007133400f4800abaf4800ab8f4000a48f7c
:102ecc0025304002252860016233400f25b84300ad
:102edc005800aa8f252020022530a0022528400169
:102eec002bb8170025b0600025b8e2027133400ff3
:102efc004800aaaf4800aa8f2558c30225202002fb
:102f0c0025284001253040024000abaf6233400f12
:102f1c0025b8e20225884000255060004000ab8fa8
:102f2c009800acd7a000aed74c00a98f5000a88f4a
:102f3c007bff00105400a78f23900202050040165f
:102f4c001000b38f1400a78f2548000074ff0010e9
:102f5c00254000004000422a1f0040101000b48f92
:102f6c001400b58f400006242330d20025208002a7
:102f7c002528a0024800aaaf4000abafa000aef7d6
:102f8c007133400f9800acf72510430025304002f8
:102f9c00252080022528a0026233400f2b980200c6
:102fac002598620225386000254800002540000065
:102fbc009800acd7a000aed74000ab8f58ff0010e4
:102fcc004800aa8f0100172425580000258800000e
:102fdc0053ff00102550000001001324daff0010ed
:102fec002538000023f0f3022b18fe0223b06701f2
:102ffc0023b0c3022b1076010100052406004014f7
:10300c00253000000400cb56252800000300601476
:10301c002360290225280000236029022ba82c02fa
:10302c00231848012318750023a085012b609401f7
:10303c002318660023a86c001200a106232031017e
:10304c0023f077022b987e0223b0eb0023b0d3023f
:10305c002b10240123180a0125a0d60321a88500d2
:10306c00231862002ba014002b20a4022118660048
:10307c0023a0b402211883002ba8b40223a8750046
:10308c000100522e251095023eff40142510d60348
:10309c00d3fe405021658e4e2520c0035830400f82
:1030ac002528c002ffff512407002106c01f16006f
:1030bc0042101e00251062000100de3325105e0058
:1030cc0049ff001042981600253020022520c0032d
:1030dc007133400f2528c00243ff00102598600073
:1030ec00019d033c54ff001078d462d41900601089
:1030fc00c01f130042200200252064000100423052
:10310c0042981300254082000040023c0600401209
:10311c0025485300231008002b1802002320090017
:10312c00254040002348830000008844019d023c58
:10313c000000e94490d44cd42100a0460000204665
:10314c000100224602032c468100204602632c46d5
:10315c002163024ce42d400f00000000a0fe001083
:10316c000605204680250200821202002b20040056
:10317c002510a20025108200823d02000448137c19
:10318c002528f300060040128022020023100400c0
:10319c002b18020023380500252040002328e300cb
:1031ac00000084440000e544eaff00102103a0461f
:020000040000fa
:020000041d00dd
:1031bc0018ffbd27dc00b4afd800b3afd400b2af5a
:1031cc00d000b1afe400bfafe000b5afcc00b0af02
:1031dc00259080002588c000b800a5af2598000078
:1031ec00019d143cb800a58f0000a280e4004010a3
:1031fc00ffff02249c00a2af1800a227a400a2afdc
:10320c00800002249800a0afa000a0afa800a2af3d
:10321c0025800000250003242110b000000042800e
:10322c000300401000000000fbff43540100102677
:10323c000600001225300002562d400f25204002ba
:10324c00b800a28f21105000b800a2afb800b58f03
:10325c00250002240000a382c20062140100b526de
:10326c00b800b5af2b0005242d0006243000032434
:10327c002000072423000824b800a48f00008280bb
:10328c001b0045509800a28f2c0049281e002011cd
:10329c0000000000180047509800a28f18004850fa
:1032ac009800a28f2a0003241e0043500000228e97
:1032bc00502f400f00000000a000a2afb800a38f59
:1032cc0000006280d0ff42240a00422c21004010f2
:1032dc0001006324f9ff0010b800a3af01004234d1
:1032ec00010084249800a2afe3ff0010b800a4af43
:1032fc00fbff001004004234f9ff001008004234b8
:10330c00f7ff001010004234f4ff46509800a28fd3
:10331c00e5ff43542a0003249800a28ff0ff00100d
:10332c000200423401008424b800a4af04004324fa
:10333c000000428c000023ae06004104a000a2afa6
:10334c009800a38f23100200a000a2af01006338e5
:10335c009800a3af9800a28f0100433002006010c8
:10336c004408027c9800a2afb800a28f2e00032460
:10337c00000044800d008314010044249c00a0af85
:10338c00b800a4af010045802a0003242300a31435
:10339c0002004224b800a2af0000228e0400432495
:1033ac000000428c000023ae9c00a2af4d31400fb8
:1033bc00b800a427c000a2afb800a28f6635400f9a
:1033cc00000044806900032477004310c000a58fdf
:1033dc006a0043282f00601063000324be004310d2
:1033ec00640043281800601025000324cb00431010
:1033fc00610003244f00435025302002ffff0224bc
:10340c00b800b5af9800a0afa000a0af9c00a2afd1
:10341c001000a0afc900001025380000502f400f3d
:10342c00000000009c00a2afb800a38f00006280d7
:10343c00d0ff42240a00422cdcff40100100632420
:10344c00f9ff0010b800a3af64000324560043102a
:10345c0068004228eaff4010ffff022425302002ba
:10346c003d32400fb000a42797004010b800a28f47
:10347c00b000a6279800a52701004324b800a3afed
:10348c00000047801c09400f252040023500001029
:10349c0021800202700003246e0043107100432847
:1034ac00130060106e000324830043106f0003248c
:1034bc00d3ff4314ffff02242538200225300000df
:1034cc008221400fb000a4277f004010b800a28fcb
:1034dc00b000a6279800a527010042242520400211
:1034ec001436400fb800a2af1e000010218002025b
:1034fc00750003243a00431078000324460043105f
:10350c0073000324bdff4314800002246e00a21438
:10351c00b800a28f2538000001004224b800a2afe9
:10352c000000228e04004324000023ae760000101d
:10353c000000468c3d32400fb000a42762004010c2
:10354c00b800a28fb000a6279800a527010043243d
:10355c00b800a3af000047801636400f252040026c
:10356c0021800202218070022a98130277006012d7
:10357c000080023c4f000324642843acffff13245b
:10358c00e400bf8f25106002e000b58fdc00b48f23
:10359c00d800b38fd400b28fd000b18fcc00b08fd5
:1035ac000800e003e800bd272538200201000624ae
:1035bc008221400fb000a42743004010b800a28f16
:1035cc00b000a6279800a527010042242520400220
:1035dc008e22400fb800a2afe2ff00102180020241
:1035ec0025382002253000008221400fb000a4278e
:1035fc0035004010b800a28fb000a6279800a52770
:10360c0001004224252040021436400fb800a2af1e
:10361c00d4ff001021800202253820022530000042
:10362c008221400fb000a42727004010b800a28fc1
:10363c0001004324b800a3af00004780b000a627c8
:10364c009800a527c719400f25204002c5ff001080
:10365c00218002022538200225300000f0000524cc
:10366c008221400fb000a42717004010b800a28f91
:10367c00b400a38f01004224b800a2afb000a28f07
:10368c0025104300edff401478000724fd33400f54
:10369c000cd884269800a38fa000a78f253040005b
:1036ac001000a3af0cd885260a29400f2520400214
:1036bc00acff00102180020225382002213070025c
:1036cc003a2a400fb000a427b800a28f0100422470
:1036dc00a4ff0010b800a2af80000224faffa214cd
:1036ec00b800a28f01000724b000a62701004224d5
:1036fc00b800a2af0000228e040043240000428ccc
:10370c00000023aeb000a2a39800a527982c400f70
:10371c002520400293ff0010218002028000022429
:10372c00e9ffa214b800a28fa000a78f01004224c9
:10373c00b800a2af9800a28f1000a2af019d053c6b
:10374c0001000624d8ff001014d8a524a5fe0010f3
:04375c0025980002aa
:020000040000fa
:020000041d00dd
:103760000101010101010101010101010101010149
:103770000101010101010101c1e1f1f9f9f9f1fdd5
:10378000f9f1c10101010101010101010101010181
:10379000010101010101b3fbcbef6f7f7f7f7777e1
:1037a00037171f1f0f0f0f0f0f030303030303032d
:1037b0000307071f1ff3fffbffffffffffffffffd5
:1037c000ffffffff000000000000000000000000fd
:1037d0000000000000000000000000037f7f7f3f2a
:1037e0001f0f070707030301808080e0e0e0e0e0af
:1037f000f0f0f0f0f07878f8b8bc7e7e1e1e160768
:103800000f0303090800103e3e7e7e7efefefcf89c
:10381000f8f0e0c08000008038fbfff7fffffffffb
:10382000ffffffffffffffff0000000000000000a0
:103830000000000000000000000000000000000088
:10384000008080e0f0f0f8fcfefeffffffffffffce
:10385000fff7f77f7bfbf9f581030100000008000b
:103860000080f0fcf87878f8f8f0f0f0e0c0c08064
:103870008000000101030707070402033e49edb77a
:103880003fffffffffffffffffffffff0000000004
:10389000000000000000000000000000000080c0e8
:1038a000e0f0783ebffffff7f7f7fbfbff7fffff7e
:1038b000ffffffffffff03000000035f3f3f080023
:1038c0000000811e1f1f774301000007ffffffff5d
:1038d000ffbfffffffffff3e0400000000000000ed
:1038e000000000000303070e1f3f7f7f0f8fffffc5
:1038f0000000000000000000000000000000180ca4
:103900000683e3f1f9fcfeffffffffffffff3f0728
:1039100003011f1ffffffffffffffcf0e0c0c0c05f
:10392000c0c0000000001c0000c0808080c0f0ff0c
:10393000ffffffffffffff7f1f0f030000000000de
:103940000000000000000000000000000000000077
:103950000004070700000000000000000000000055
:10396000c0f0f8fcffffffffffffffffffffff7f3f
:103970001f0300000000000000033fffffffffffe8
:10398000ffffffffff0300000000600000ffffffdc
:10399000ffffffffffffffff3f8781903ee4060030
:1039a000c000000000000000000000000000000057
:1039b000000000000000020200000000c0e0f0fc77
:1039c000fefeffffffffffffffffffffffffffff09
:1039d000ffff3f00000000000000000000000001a9
:1039e000030f3fffffffffffff00000000001f006d
:1039f000f0ffffffffffffff3f87e1f88c1fffbed7
:103a00009e877e076070000000000000000000003c
:103a10000000000000000000000000000000e0fcca
:103a2000ffffffffffffffffffffffffffffffffa6
:103a3000fffffffffffff00000000000000000009c
:103a40000000000000000001071fffffff00000052
:103a500000000000ffffffff3f0f61e00cfeff0fc3
:103a60003f1f031f23000c003b100000000000005c
:103a70000000000000000000000000000000000046
:103a800000f8fffffdffffffffffffffffffffff4e
:103a9000fffffffffffffffffffffffcf8e0c0009d
:103aa0000000000000000000000000000000000313
:103ab0000300000000004600038fc3f038df8c8c49
:103ac000780783921313e160001f060600000000d0
:103ad00000000000000000000000000000000000e6
:103ae00000000000fefffff7ffffffffffffffffeb
:103af000ffffffffffffffffffffffffffffffffd6
:103b0000fffffffffefefcfcf8f8f0f0e0e0e0e075
:103b1000e0c0e0f0f0f8fcfcfcf8fcfcfcf9f1e49f
:103b2000e167e1e1c60601010101000000000000bb
:103b30000000000000000000000000000000000085
:103b400000000000000000007f7fffffffffffff7d
:103b5000ffffffffffffffffffffffffffffffff75
:103b6000ffffffffffffffffefef0f0f1f1f1f0ff5
:103b70000f0f0f071f3fffffffffffffffffffffbd
:103b8000ffffff7f7f600f0f8f00000000800000ad
:103b90000000000000000000000000000000000025
:103ba0000000000000000000000000000000ffff17
:103bb000ffffffffffffffffffffffffffffffff15
:103bc000fffffffffffffffffffffffffffffffc08
:103bd000f8f0c00000000000000000000101030335
:103be0000303233141f818cc646420727f00200065
:103bf00007000100000000000000000000000000bd
:103c000000000000000000000000000000000000b4
:103c1000080c0f0f0f0f0f0f0f0f0f0f0f0f0f0fbe
:103c20000f0f0f0f0f0f0f0f0f0f0f0f0f0f0f0fa4
:103c30000f0f0f0f0f0f0b090808080808080808d6
:103c400008080808080c0c0d0f0f0e0f0f0e0c0cb7
:103c50000e0c0c0c080808080808080808080808d2
:103c600008080808080808080808080808080808d4
:043c70000808080830
:020000040000fa
:020000041d00dd
:103c7400b0ffbd275000acf75400a28f0f40033ca7
:103c84007b6a632400f0457c2b18a3004800b1af85
:103c94004c00bfaf4400b0af5000a78f3b00601092
:103ca400c28f02000900033c0098427cfb2163247c
:103cb4007b0043100240023c7dd942342b28a200f1
:103cc4001b00a010019d033c019d023c0e00201628
:103cd40028bf60d40160204630bf42d401000224d2
:103ce40001012246010024460000c4f401002246da
:103cf4000800c0f44c00bf8f4800b18f4400b08f5f
:103d04000800e0035000bd275000a1d730bf42d4c3
:103d1400ffff022400082046000122460100244639
:103d24000000c4f400002246f2ff00100800c0f4b2
:103d3400019d033c019d023c38bf60d40a0020165b
:103d44005000a1d70108204640bf42d402000224fb
:103d540001012246010024460000c4f40100224669
:103d6400e4ff00100800c0f40008204640bf42d41d
:103d7400feff022400012246010024460000c4f490
:103d840000002246dbff00100800c0f41c40033c86
:103d94003c4663242b18a3003d0060503941033c8a
:103da4001540023cbdfd42342b10a2001e00401001
:103db4001240023c7cd942343900a210019d023cdd
:103dc40030bf40d4019d023c48bf44d4019d023c15
:103dd4000b0020160201244650bf42d45000a0d745
:103de400030002248100224601102446811020464b
:103df4000000c0f481102446beff00100800c2f485
:103e040050bf40d45000a1d7fdff02240008204633
:103e140080202046010022460000c2f4000024460f
:103e2400b4ff00100800c0f41940023cfb214224f6
:103e34001b00a210019d033c019d023c58bf60d4ad
:103e44000a0020165000a1d70108204660bf42d4c2
:103e54000400022401012246010024460000c4f4a7
:103e640001002246a3ff00100800c0f40008204609
:103e740060bf42d4fcff0224000122460100244614
:103e84000000c4f4000022469aff00100800c0f4a9
:103e9400fb2163242b18a30040006010f07f033c37
:103ea400019d023c70bf40d4019d023c5000a1d74b
:103eb40068bf42d4019d023c022d0500a108024cba
:103ec4008110204628bf40d4019d023c30bf44d419
:103ed40002102046021124460108204641002446cf
:103ee400000869440055227d2310a20011004228d5
:103ef4000a004010000808440000c8ac0400c9ac23
:103f04004d102046000802440000c1d4010021469f
:103f14000100244677ff00100800c0f4019d023c14
:103f240078bf44d4019d023c0211244681012446f9
:103f3400010026460101244680bf40d42911804c4b
:103f440001302446000063440055647c2328a40007
:103f54003200a5280500a010000002440000c2acf5
:103f64000400c3ace6ff001006302046019d023c6d
:103f740088bf44d4019d023c0211244601302446ea
:103f8400813120468131244690bf44d42911c44c48
:103f940081012446daff00100000c6f42b18a300a8
:103fa400060060145000a0d7251000000100204630
:103fb4000800c0f44fff00100000c0f40098447cd7
:103fc4002510e000001082446041073c2518e400fd
:103fd4000010e344019d023c0d1020462100804660
:103fe4001800a0f70110204698bf44d41800a22757
:103ff4000200072402002446252040004d002046ec
:10400400a1088046010022462000a2f702002446af
:104014002800a0f7000080440000e044f8ff422498
:10402400180041d432082046160001452580c000fe
:1040340001000224023505001000a2af0100e724ac
:10404400eafbc6241107400f3000a5270f002012f9
:104054003400a48f3000a38f0080053c000003ae21
:104064003800a38f26208500040004ae080003aea8
:104074003c00a38f23100200261865001dff0010ca
:104084000c0003aee5ff0010ffffe7243000a0d7cb
:10409400000000f63800a0d716ff0010080000f654
:020000040000fa
:020000041d00dd
:1040a4002540c0002518e000255080009800e01449
:1040b4002510a0002b30a6003500c0100000000021
:1040c400202805710600a0102320050006208a0080
:1040d4000410a2000440a800251082000450aa0085
:1040e400023408001b004600f401c000ffff053144
:1040f40002240a001238000010100000001402000c
:10410400252044000248a7702b5889000a0060113a
:104114002510e000212088002b5888000600601537
:10412400ffffe2242b5889000400605123208900fa
:10413400feffe22421208800232089001b00860042
:10414400f401c0001030000000340600122000000a
:104154000238a470ffff45312528c5002b48a7006d
:104164000800201125308000212805012b40a800db
:1041740004000015ffff86242b28a7000100a0548b
:10418400feff8624001402000800e0032510460008
:1041940004000015010002241b004800f401000182
:1041a4001240000020580b712300601520000724e2
:1041b4002328a80001000324023408001b00a600e1
:1041c400f401c000ffff073102240a001228000096
:1041d4001010000000140200252044000248e5707d
:1041e4002b5889000a0060112510a00021208800a6
:1041f4002b58880006006015ffffa2242b58890065
:104204000400605123208900feffa224212088009d
:10421400232089001b008600f401c000ffff4a31ff
:1042240010280000002c05002528aa0012200000f8
:10423400caff00100238e4702338eb000440680120
:104244000648e400023408000638e5001b00e600d6
:10425400f401c0000410650125482201ffff02316a
:10426400021c09001228000010380000003c07005e
:104274002538e300025045702b60ea000a008011e3
:104284002518a0002138e8002b60e80006008015fe
:10429400ffffa3242b60ea00040080512338ea00c6
:1042a400feffa3242138e8002338ea001b00e600bf
:1042b400f401c000ffff2531123000001038000067
:1042c400003c07002528e500021046702b48a20098
:1042d4000a0020112538c0002128a8002b48a80076
:1042e40006002015ffffc7242b48a200040020511c
:1042f400001c0300feffc7242128a800001c0300a3
:10430400045064012328a200abff001025186700a5
:104314002b40a700251800004e00001525100000b2
:104324002050ea7007004015200009242b28e500de
:104334004800a014010002242b1086000800e003aa
:104344000100423823482a01061026010438470197
:1043540025384700041845010244070006282501b2
:104364001b00a800f4010001ffffeb30061024013c
:1043740025104300021c020012280000104800000f
:10438400004c090025482301026065712b682c014b
:104394000a00a0112518a000214827012b68270135
:1043a4000600a015ffffa3242b682c010400a051d4
:1043b40023482c01feffa3242148270123482c0174
:1043c4001b002801f4010001ffff453012400000ea
:1043d40010480000004c0900252825010258687186
:1043e4002b10ab000a004010254800012128a7002b
:1043f4002b10a70006004014ffff09252b10ab006b
:104404000400401000140300feff09252128a70022
:104414000014030004304601251049001900c200ad
:104424002328ab00103800002b18a70007006014e5
:10443400123000000700a7142518000004204401ce
:104444002b2086000300801000000000ffff4224a0
:10445400251800000800e003000000002548c00003
:10446400251080008b00e0142518a0002b30a60036
:104474003300c01020502a7108004011025c09006a
:104484000418450123280a000628a4000448490109
:104494002518a30004104401025c09001b006b00f2
:1044a400f4016001ffff24311218000010280000fd
:1044b40002306470001c0500022c020025186500ff
:1044c4002b2866000800a0502318660021186900f4
:1044d4002b2869000300a0142b2866000100a054b7
:1044e40021186900231866001b006b00f4016001a9
:1044f400ffff4230103000001218000002586470b0
:10450400001c0600251062002b184b0009006050a7
:1045140023104b00211049002b184900050060545a
:1045240023104b002b184b0001006054211049004c
:1045340023104b00061042010800e0032518000078
:1045440004002015010003241b006900f40120016c
:104554001248000020502a711f0040152000072433
:104564002328a900025c09001b00ab00f4016001d0
:10457400ffff243112280000101800000230a4703c
:10458400002c0300021c02002528a3002b18a600ff
:10459400080060502330a6002128a9002b18a90088
:1045a400030060142b18a600010060542128a90000
:1045b4002330a6001b00cb00f4016001ffff423052
:1045c40010280000123000000258c47000340500a6
:1045d400cdff00102510c2002338ea000448490129
:1045e4000618e400023409000638e5001b00e60062
:1045f400f401c00004104501ffff283125186200b2
:10460400022c030012380000106000000210e87051
:10461400003c0c002538e5002b28e2000800a050df
:104624002338e2002138e9002b28e9000300a01414
:104634002b28e2000100a0542138e9002338e200cd
:104644001b00e600f401c000ffff653012300000db
:1046540010380000003c07002528e5000230c8702f
:104664002b10a60009004010041044012128a900c1
:104674002b10a90005004014041044012b10a600bf
:10468400010040542128a90004104401b5ff001082
:104694002328a6002b40a7005c0000152070ee70b4
:1046a4000a00c0152b40e500030000152b408600ce
:1046b4005600001500000000231086002328a700e0
:1046c4002b1882000800e0032318a30020000b2409
:1046d40023586e01066066010438c7012538870136
:1046e4000440c501024c0700062865011b00a9000f
:1046f400f40120010610640125104800ffffe83092
:1047040002640200122800001050000000540a0045
:1047140025504c01021805712b6043010a008011d9
:104724002568a000215047012b6047010600801531
:10473400ffffad242b60430104008051235043014b
:10474400feffad2421504701235043011b004901c2
:10475400f4012001124800001050000000540a0027
:1047640002280971ffff4830254048012b1005013c
:104774000a00401025502001214007012b10070199
:1047840006004014ffff2a252b10050104004010e9
:1047940000640d00feff2a252140070100640d007e
:1047a4000410c60125608a01190082012340050115
:1047b4000418c401106800002b200d012528a00155
:1047c40012600000050080141230000007000d156f
:1047d4002b206c00060080102330660023308201f9
:1047e4002338a7012b6086012328ec0023306600c0
:1047f4002b186600234005012318030104106301ec
:104804000630c601251046000618c3010800e0035f
:0448140000000000a0
:020000040000fa
:020000041d00dd
:1048180000000000000000000000005f0000000031
:104828000000030003000000643c26643c262400ca
:104838002649497f4949320042251208245221005d
:1048480020504e55225828000000000300000000a8
:1048580000001c224100000000000041221c000052
:104868000015150e0e1515000008083e0808000072
:104878000000005030000000000808080808000088
:104888000000004000000000402010080402010061
:10489800003e4141413e00000000417f40000000d1
:1048a80000426151496e000000224149493600002a
:1048b800001814127f1000000027494949710000b0
:1048c800003c4a4948700000004321110d030000d4
:1048d800003649494936000000060949291e0000ea
:1048e800000000120000000000000052300000002c
:1048f80000000814142200000014141414141400e6
:1049080000002214140800000002015905020000ea
:104918003e415d554d512e00407c4a094a7c40007d
:10492800417f4949494936001c2241414141220001
:10493800417f414141221c00417f49495d4163005b
:10494800417f49091d0103001c224149493a0800d9
:10495800417f0808087f41000041417f4141000034
:10496800304041413f010100417f080c1261410084
:10497800417f414040406000417f420c427f4100fe
:10498800417f420c117f01001c22414141221c0041
:10499800417f4909090906000c12212161524c0086
:1049a800417f09091969460066494949494933005f
:1049b8000301417f41010300013f4140413f0100a4
:1049c800010f3140310f0100011f6114611f010007
:1049d800414136083641410001034478440301004f
:1049e800436151494543610000007f414100000097
:1049f8000102040810204000000041417f0000002f
:104a08000004020101020400004040404040400010
:104a1800000102000000000000344a4a4a3c4000fd
:104a280000413f4848483000003c424242240000d0
:104a380000304848493f4000003c4a4a4a2c0000a0
:104a48000000487e4909000000264949493f010005
:104a5800417f4804447840000000447d4000000045
:104a6800000040443d000000417f101824424200ed
:104a78000040417f40400000427e027c027e4000b0
:104a8800427e4402427c4000003c4242423c0000dc
:104a980000417f490909060000060909497f4100cc
:104aa80000427e440202040000644a4a4a3600007a
:104ab80000043f444420000000023e4040227e4063
:104ac800020e3240320e0200021e6218621e0200fe
:104ad800426214081462420001434538050301008c
:104ae800004662524a466200000008364100000053
:104af8000000007f000000000000004136080000b0
:104b08000018080810101800aa55aa55aa55aa5541
:020000040000fa
:020000041d00dd
:104b1800537461727420415420636f6d6d616e64cb
:104b2800732020202020202020202020200000008a
:104b38002b2b2b006100000041542b57414e4e0d8a
:104b480000000000415420636f6d6d616e64206643
:104b580061696c65642020202020202020202020ee
:104b6800000000004541444f47204c4344000000ea
:104b78002573204472697665722025732025732079
:104b88002573000056312e3030330000484f5354ff
:104b980000000000257320436f6e74726f6c6c65a3
:104ba8007220257320256c6c5800000056312e3772
:104bb80030310000434f4d4d414e44002573204491
:104bc80072697665722025730000000052454d4fca
:104bd800544520434d44000056312e3030310000fa
:104be800486f7374206e6f6465000000436f6e66d3
:104bf800696775726174696f6e2025730000000023
:104c080050726f63657373696e672043414e2d461a
:104c180044202534692020253469000052656365e5
:104c28006976652072657175657374206861732093
:104c38006661696c6564000043414e2d464420203e
:104c480072656365697665642025690057616974d2
:104c5800696e6720666f7220646174612070616399
:104c68006b65742025366900202020202020202014
:104c7800202020202020202020202020202020202c
:104c880020202020200000002d312c2042616420ab
:104c9800204d65737361676520494420636f6465bf
:104ca8000d0a00002533642c2537582c25372e345f
:104cb800662c25372e34662c25372e34662c25375e
:104cc8002e34662c25372e34662c25372e34662c48
:104cd80025372e34662c25372e34662c25372e346e
:104ce800662c25372e34662c25372e34662c25372e
:104cf8002e34662c25372e34662c25372e31662c1b
:104d080025730d0a00000000494d55002533642c19
:104d18002537582c2537582c2533642c2533642cfb
:104d28002533642c2531386c6c582c25730d0a00fa
:104d380049443a2533642c2537582c253758000028
:104d48002533642c2537582c2533642c25730d0afc
:104d580000000000302c4e554c4c204d657373619b
:104d680067652077697468203020494420636f6440
:104d7800650d0a004572722c72656376206d657345
:104d8800736167652025692c202564004661696c7c
:104d980065642020256420256420202020202020f0
:104da8002020000054782043414e2d4644202538c9
:104db800582020202536690031323a33303a3031d4
:104dc800000000004d617920313020323032360049
:020000040000fa
:020000041d00dd
:104dd800a8ffbd273800b2afc481928fd081888fd9
:104de8004400b5af070042260000432a2538400298
:104df8000b384300c348070025a880003c00b3af28
:104e08000100042407005332003909002158150114
:104e1800b0808a930420640221284502ff00843070
:104e28002338e9004800b6aff000692925b0c00072
:104e3800ef0006245000beaf4c00b7af8000be287c
:104e4800ffff97240b306901232004007f00092409
:104e58000b48be0000390700ff00e532ff00843030
:104e6800ff004a315400bfaf4000b4af3400b1afc7
:104e78003000b0af1400a9af1000a5af1800a4af60
:104e88007c0040112138e80001a0113c00a0312627
:104e9800213827021400a48f2a20440269008010b8
:104ea8001400a58f0b904300c3901200ffffaa24a3
:104eb8000700443101008b240600a524000049297d
:104ec80001000424042064010a284901ffff842406
:104ed800c3280500ff0084301c00a5af2000a4af44
:104ee8001c00a28f2000a38f2320060126804202e7
:104ef800ff0002240b1850001800a28f2400a4af52
:104f080025806000241043002400a38f2388c80054
:104f18002188f100010014242a2006012800a4afea
:104f280021f07100320060120b8054002800a28f1b
:104f38001700401025b8c002080004242328930055
:104f48000000e4922330f502041064020700801682
:104f5800ff0044300000c4901000a38f0720a40075
:104f68002420830025208200ff0084300000c593a0
:104f7800e881828f2530000209f840002420900043
:104f88000000c2a30100de27ebffd1170100f726be
:104f98001400a28f01005226c09012002a1042026b
:104fa80021b0d502f00031262600401025a00000cf
:104fb800070042260000432a0b9043001c00a28fe2
:104fc8002000a38fc390120026804202ff00022413
:104fd8000b1850001800a28f258060002410430091
:104fe8002400a38f0b805400d0ff601621f07100bd
:104ff8002800a28fe7ff40101400a28f25a0c0024e
:105008000000c59300008492e881828f2530000259
:1050180009f840000100de27ffffc2a3f8ffd117ff
:10502800010094261400a28f01005226c09012009d
:105038002a10420221b0d502f0003126dcff4014cc
:1050480025a000005400bf8f5000be8f4c00b78fc2
:105058004800b68f4400b58f4000b48f3c00b38f32
:105068003800b28f3400b18f3000b08f0800e003f1
:105078005800bd2701a0113c00af312685ff001064
:0450880021382702a2
:020000040000fa
:020000041d00dd
:10508c0040000224208182a36880828fc8ffbd2744
:10509c002800b3af2400b2af2000b1af1c00b0affa
:1050ac003400bfaf3000b5af2c00b4af2588800002
:1050bc002590a00086bf103c0080133c0080043477
:1050cc00340204ae0300032410000424340004aea4
:1050dc0023004310ff00343204000324110043105a
:1050ec00050003241200431002000324f4ff4314b0
:1050fc00008004343400bf8f03000224688082af28
:10510c003000b58f4481828f2c00b48f2800b38f70
:10511c002400b28f2000b18f1c00b08f0800e00378
:10512c003800bd274481828f030040100200022406
:10513c004481828f0200022400800434340204aec5
:10514c00688082af100004240200022403000324b0
:10515c00340004aee1ff431404000324ff00343296
:10516c00010015243c0095520200022421008012fb
:10517c0002000324d2ff83160080043401000524ae
:10518c00e432400f010004243f0040103881828f2c
:10519c0000004296688094af228195a34900551077
:1051ac00a080838ff8ff42240200422c440040145c
:1051bc009c80838f3c81828f020004241000a4af5a
:1051cc00010042241400a0af010007242530400246
:1051dc004000052425206000408183afa817400fb4
:1051ec003c8182af100002243c0002aebaff0010da
:1051fc006880828f01000524e432400f02000424f1
:10520c00bdff40103400bf8f020014244000062460
:10521c002528000044426426688094af218195a320
:10522c00bc34400f00000000248182271400a2af80
:10523c001000b4af28818727253040022c818527a8
:10524c00ae26400f308184272e0040143481838f8a
:10525c00a1ff00106880828f688082af1400a0af1d
:10526c00690302241000a0af01000724253040027e
:10527c000800052469030424a817400f408182af5d
:10528c0095ff00106880828f3400bf8f3000b58f7f
:10529c0001004224388182af03000224688082af6f
:1052ac002c00b48f4481828f2800b38f2400b28fde
:1052bc002000b18f1c00b08f0800e0033800bd2720
:1052cc00a080838f3c81828f020004241000a4af45
:1052dc00010042241400a0af010007242530400235
:1052ec004000052425206000408183afa817400fa3
:1052fc003c8182af100002243c0002ae76ff00100d
:10530c006880828f6880828f0100632472ff001096
:04531c00348183afa6
:020000040000fa
:020000041d00dd
:10532000a8ffbd27019d023c2800b6f72000b4f776
:1053300018c056d4f08094d778000224008182af40
:1053400002a5364623000224fc8082afe2ff02243d
:105350001c00bfaff88082af4800bef74000bcf72a
:1053600006a320463800baf79325400f3000b8f75f
:1053700006a320464a29400f06072046230005249d
:1053800078000424072e400f1000a0f7019d023c76
:1053900028c05ad4019d023c38c058d4019d023c1b
:1053a00020c042d41000a0d7019d023c21e7424f0b
:1053b0002100024f30c054d400e734460000344688
:1053c0004de020460d002046000805441221400f04
:1053d0000000044458809ed782f736469325400f3c
:1053e00006f3204606f320464a29400f06072046ca
:1053f000f880828ffc80858f0081848f1000a0f759
:1054000000008244072e400fa10780461000a0d75d
:1054100021e75e4f21001e4f00e73446000034466e
:105420004de02046000805440d0020461221400fa3
:105430000000044450809cd702e736469325400f75
:1054400006e3204606e320464a29400f860520460b
:10545000f880828ffc80858f0081848f1000a0f7f8
:1054600000008244072e400f210780461000a0d77d
:10547000a1b55c4f21001c4f80b534460005344671
:105480000db02046000005440da020461221400f1b
:1054900000000444188180d7f08084d7019d023c2d
:1054a00040c042d400002446ec80838f3c1020464c
:1054b000010063241b000145ec8083aff08080f77e
:1054c000588084d7108180d740c042d40000244641
:1054d0003c1120461b00054500000000588080f765
:1054e000508084d7088180d740c042d40000244631
:1054f0003c1220461c0009451c00bf8f1c00bf8fba
:105500004800bed74000bcd73800bad73000b8d763
:105510002800b6d72000b4d7508080f70800e003f9
:105520005800bd27108180d7588084d740c042d40e
:10553000f08080af000024463c112046e7ff044580
:10554000f48080af088180d7508084d740c042d497
:10555000588080af000024463c122046e7ff0845f3
:105560005c8080af1c00bf8f4800bed74000bcd716
:105570003800bad73000b8d72800b6d72000b4d743
:10558000508080af548080af0800e0035800bd27f2
:020000040000fa
:020000041d00dd
:1055900082bf033c1072628ce8ffbd271400bfafce
:1055a000200042302d0040141000b0af0080083cb5
:1055b000300302251400448c0c00468c20726b8c46
:1055c0002b2886002300a010000000000072698cc8
:1055d00004004a8c00082931270020150100872487
:1055e0000072658c0004a5305600a05021204401b3
:1055f0004028040021204501140047ac00008ba482
:105600003300e6102b30e6001500c05081bf103c7f
:105610000072648c1800468c000884301d008010d5
:105620000800458c2b28c5003e00a0501000448c7b
:105630003003048d0100c524180045ac80300600fd
:105640000a30867c81bf103c207266ac05000010d9
:105650001400bf8f240086501800458c81bf103c79
:105660001400bf8f4000023c540002ae1000b08f07
:105670000800e0031800bd27802004002120440119
:10568000140047ac00008bac1400478cdcff00100a
:105690000c00468c0072648c000484302e00801054
:1056a0002b28c5004800a0143003048d1000448c42
:1056b000ebff805081bf103cffff8424ffff0534c7
:1056c000207265ac100044ace5ff001081bf103cb7
:1056d0001800448c0800458c2b208500290080147c
:1056e00081bf103c1800458c0800448cdbffa414db
:1056f000400004242000458c147264ac81bf103c2f
:105700004000033c1c0040a0d40003aed5ffa050d5
:105710001400bf8f09f8a0002400448cd1ff0010b2
:105720001400bf8fceff805081bf103cffff842448
:10573000ffff0524207265ac100044acc8ff0010c8
:1057400081bf103c140047ac00008ba01400478cb4
:10575000abff00100c00468c1400a0143003048d25
:105760001000448cbeff805081bf103cffff84249a
:10577000ff000524207265ac100044acb8ff001097
:1057800081bf103c4000023cd40002ae0c00022459
:10579000047262ac04000224087262ac8000023c15
:1057a000d80002aeafff00101400bf8f0100c52467
:1057b000180045ac8a31867c81bf103c207266acf3
:1057c000a8ff00101400bf8f402806000100c62467
:1057d000212085000000849481bf103c180046ac55
:0c57e000207264ac9fff00101400bf8f0b
:020000040000fa
:020000041d00dd
:1057ec00d0ffbd272800b1af2400b0af2c00bfaf55
:1057fc00258080000c00038e100084900800028e1f
:10580c000080113c019d063c1800a4af1400a3af0e
:10581c001000a2af688cc624ff000524ec34400fa6
:10582c0064272426100002920800432c20006010ec
:10583c0080180200009d023c545842240a10437cfc
:10584c0008004000000000000059009de058009d39
:10585c004459009d7458009d7c59009da859009d89
:10586c00a858009da858009d0080023c503f42243f
:10587c003000449086bf033c00010524380365ac1e
:10588c00070080142c00bf8f01000424000805249d
:10589c00380165ac320044a0300044a02c00bf8f0e
:1058ac002800b18f2400b08f0800e0033000bd2722
:1058bc000800028e0c00038e019d063ca08cc624b1
:1058cc001000a2af1400a3afff000524ec34400f6e
:1058dc00642724262c00bf8f0080023c0100032487
:1058ec002800b18f2400b08f803f43a00800e00354
:1058fc003000bd272800038e25c9023c3ecd423422
:10590c00300062146fbd023c2c00038e7bdc4234f1
:10591c002c0062140080023c803f40a02510000047
:10592c0025180000280002ae070002242c0003ae4c
:10593c00daff0010100002a22c00bf8f86bf033cc0
:10594c00000104240080023c503f4224340364ac28
:10595c00000804242800b18f2400b08f310040a02f
:10596c00340164ac320040a00800e0033000bd27d5
:10597c002c00bf8f86bf023c00010324380343accc
:10598c000080023c010003242800b18f2400b08f5a
:10599c00813f43a00800e0033000bd272c00bf8fdf
:1059ac0086bf023c00010324340343ac0080023c5c
:1059bc002800b18f2400b08f813f40a00800e00385
:1059cc003000bd27019d033c808c658c0080043c1d
:1059dc00808c6324c03c82240400668c030045a8a0
:1059ec00c03c85b80800658c070046a8040046b882
:1059fc000c00648c0b0045a8080045b81000668ca0
:105a0c000f0044a81400658c0c0044b8130046a881
:105a1c001800648c100046b8170045a81c00639051
:105a2c00140045b81b0044a8180044b89bff001094
:045a3c001c0043a067
:020000040000fa
:020000041d00dd
:105a40005d008010000000001d008290e0ffbd2777
:105a50001400b0afff0042301c00bfaf1800b1af60
:105a600008004010258080001c0002921c00bf8f9f
:105a70001800b18fff0042301400b08f0800e0031f
:105a80002000bd270004053cf700a524200080a0cd
:105a9000b32b400f0000000025200002292e400fec
:105aa000252800000008053cb32b400ffd00a5246d
:105ab00025280000292e400f2520000240004054d8
:105ac000b400028e0080113c90403126000c053c51
:105ad000fb00a524b32b400f252000022528000041
:105ae000292e400f25200002040040100014053c20
:105af000b400028e02120200060022a6ef00a524c6
:105b0000b32b400f2520000225280000292e400f2e
:105b100025200002040040100018053cb400028e4d
:105b200002120200080022a6e500a524b32b400fb4
:105b30002520000225280000292e400f25200002e4
:105b4000040040100018053cb400028e021202004e
:105b50000a0022a6e500a524b32b400f2520000251
:105b600025280000292e400f252000020500405066
:105b70000800038eb400028e02120200160022a654
:105b80000800038e02000224120062100024053c6b
:105b9000d035400f00000000180022ae1c00bf8f5f
:105ba0001c0002921800b18f1400b08fff00423029
:105bb0000800e0032000bd270800e00325100000d6
:105bc0000080113c9040312602120200bfff0010fd
:105bd000040022a6c700a524b32b400f25200002f5
:105be00025200002292e400f252800000028053c12
:105bf000b32b400fcd00a52425280000292e400fef
:105c00002520000204004010002c053cb400028e48
:105c1000021202000e0022a6cb00a524b32b400fd7
:105c20002520000225280000292e400f25200002f3
:105c3000040040100018053cb400028e021202005d
:105c4000100022a6e500a524b32b400f252000025a
:105c500025280000292e400f25200002ccff4010ef
:105c600000000000b400028e02120200c8ff001003
:045c7000120022a656
:020000040000fa
:020000041d00dd
:105c74000080023c30034824300344ac040006ade9
:105c8400140000ad180000ad5a008010100000ade3
:105c94003b00c010080005ad010003242b10a70031
:105ca4000c0007ad3b0040101c0003a12310e500cd
:105cb400100002ad2548e00082bf033c40000224ee
:105cc400147262ac1072628c2000423006004014e0
:105cd40003000c242072628c1072628c200042300b
:105ce400fcff401003000c2404726cac81bf023c26
:105cf4008000063c40000a3c01000b240c000c24ec
:105d040008726bac04726cacd4004aacd40046ace0
:105d140054004aac540046ac0072668c0008c6308d
:105d24001e00c010000000001000068d822805002f
:105d34008248090082300600080005ad100006ad57
:105d44003600a0100c0009ad0000848c18000badc7
:105d5400207264ac2400e0544000033c1800058d1c
:105d64000800048d0200a41004000424087264ac2a
:105d74008000033cd80043ac0800e0030100022487
:105d8400010002240c0000ad1c0002a1caff001097
:105d940025480000c8ff00102548e0000072668c0a
:105da4000004c6302500c010424809001000068dca
:105db4004228050042300600080005ad100006ad7b
:105dc4002b00a0140c0009ad0400c010ffffc62472
:105dd400ffff0434207264ac100006ade5ffe01050
:105de4008000033c4000033cd80043ac0800e003bf
:105df400010002242300c010080000ad2528000083
:105e0400010003242b10a7000c0007ada7ff4014ca
:105e14001c0003a1a8ff00102548e000efffc010fc
:105e2400ffffc624ffff0424207264acedffe014de
:105e3400100006adcfff00108000033c0800a05402
:105e4400000084901000048de4ff8010ffff842480
:105e5400ff000524207265ace0ff0010100004adc3
:105e640018000bad207264acbaff001000000000f3
:105e74000000849418000bad207264acb5ff0010d0
:105e840000000000010002240c0000ad1c0002a16f
:0c5e94002548000088ff001025280000b1
:020000040000fa
:020000041d00dd
:105ea0004c00e0140300e32c88bf083c5001038d34
:105eb0000100633036006010251000006001098d7c
:105ec00000a0023c254822010008822c53004050cb
:105ed000ff1f033c4100a22c000024ad040020adb4
:105ee00059004010251800000900a22c6300401042
:105ef0000d00a22c2550a000255043011000a38fb7
:105f000002000224570062101400a38f1000a38f18
:105f1000010002240100625080004a351400a38f62
:105f2000010002245300621004002aad0a00a010f0
:105f3000ffffa324ff006330010063240800222533
:105f40002118c3000100c624ffffc49001004224b1
:105f5000fcffc314ffff44a0bc80828f01004224d9
:105f6000401a020025506a00bc8082af0a00e0148b
:105f700004002aad4001038d0100022400016334b6
:105f8000400103ad4001038d00026334400103adc5
:105f90000800e00300000000ffffe72440100700b6
:105fa000213847000039070070010825214007010a
:105fb0000000038d0100022400016334000003ade2
:105fc0000000038d00026334000003ad0800e0030d
:105fd00000000000eeff601025100000ffffe92424
:105fe000401809002118690088bf083c0019030007
:105ff000800109250a48237d01002931e4ff201191
:10600000900109250a18237d0008822c00a0093c74
:10601000b0ff401425486900ff1f033cc012040074
:1060200000f86334241043008054847c25208200cf
:1060300010000224040022ad4100a22c000024ad77
:10604000a9ff4014100003240f000a242550430127
:106050001000a38f02000224adff6214400005244b
:106060001400a38fc0004a3501000224afff621460
:1060700004002aadb8ff001020004a359eff4014ee
:1060800009000a241100a22c9bff40140a000a24d4
:106090001500a22c98ff40140b000a241900a22c12
:1060a00095ff40140c000a242100a22c92ff4014fa
:1060b0000d000a243100a22c01004a2c8eff001092
:0460c0000e004a255f
:020000040000fa
:020000041d00dd
:1060c400596573004e6f00005900000c4e00000c1f
:1060d400494d5500257320436f6e74726f6c6c6567
:1060e400722025732025580056312e373035000094
:1060f40053656e736f72206e6f646500436f6e66d6
:10610400696775726174696f6e2025730000000cf5
:106114004541444f47204c434400000c2573204420
:10612400726976657220257320257320257300001b
:1061340031323a33303a30310000000c4d6179206d
:10614400313020323032360056312e3030330000b8
:10615400434f4d4d414e440025732044726976658a
:10616400722025730000000c56312e3730310000a8
:1061740052454d4f544520434d44000056312e3076
:1061840030310000494d55204e4f2049442c2025e4
:10619400642025642000000c5374617274204154ff
:1061a40020636f6d6d616e64732020202020202099
:1061b400202020202000000c2b2b2b006100000c41
:1061c40041542b57414e4e0d0000000c41542063a6
:1061d4006f6d6d616e64206661696c65642020205a
:1061e40020202020202020200000000c25362e33e3
:1061f400662c25362e33662c25362e33662c202528
:10620400582c2025580d0a0025362e32662c2536aa
:106214002e32662c25362e32662c25352e3166001c
:10622400504943333220494d5520436f6e74726f89
:106234006c6c657220257320202025732025730043
:10624400494d55202573000044455620256400001f
:1062540052414e2025640000414e47202573000022
:1062640046465473202533642c2533642000000ce7
:1062740063616e2d666420255800000c4572726fb0
:10628400725420256400000c4572726f72522025ee
:106294006400000c43616e20494e542025640000c4
:1062a40054582046756c6c20257300005570646149
:1062b400746520256400000c5245512025580000c7
:1062c40043653020255800004365312025580000df
:1062d40043494e542025582c2025642c2025642c19
:0462e400202564000d
:020000040000fa
:020000041d00dd
:1062e80082bf033c1070628ce8ffbd271400bfaf6b
:1062f800200042302d0040141000b0af0080083c50
:10630800080302251400448c0c00468c20706b8c0a
:106318002b2886002300a010000000000070698c64
:1063280004004a8c00082931270020150100872421
:106338000070658c0004a5304e00a0502120440157
:106348004028040021204501140047ac00008ba41c
:106358003300e6102b30e6001500c05081bf103c1a
:106368000070648c1800468c000884301d00801072
:106378000800458c2b28c5002100a0501000448c33
:106388000803048d0100c524180045ac80300600c0
:106398000a30867c81bf103c207066ac0500001076
:1063a8001400bf8f240086501800458c81bf103c14
:1063b8001400bf8f10000224540002ae1000b08fea
:1063c8000800e0031800bd278020040021204401b4
:1063d800140047ac00008bac1400478cdcff0010a5
:1063e8000c00468c0070648c0004843026008010f9
:1063f8002b28c5003800a0140803048d1000448c15
:10640800ebff805081bf103cffff8424ff00052470
:10641800207065ac100044ace5ff001081bf103c53
:106428001800448c0800458c2b208500200080141f
:1064380081bf103c1800458c0800448cdbffa41475
:10644800400004242000458c147064ac81bf103ccb
:10645800100003241c0040a0d40003aed5ffa050b8
:106468001400bf8f09f8a0002400448cd1ff00104d
:106478001400bf8f140047ac00008ba01400478c99
:10648800b3ff00100c00468cddffa0501000448cb8
:106498000803048d0100c524180045ac8a31867ca8
:1064a80081bf103c207066acc2ff00101400bf8f83
:1064b80010000224d40002ae0c000224047062ac66
:1064c80004000224087062ac20000224d80002ae46
:1064d800b8ff00101400bf8f402806000100c62432
:1064e800212085000000849481bf103c180046ac30
:0c64f800207064acafff00101400bf8fd8
:020000040000fa
:020000041d00dd
:106504000080023c08034824080344ac040006ada0
:10651400140000ad180000ad62008010100000ad42
:106524003b00c010080005ad010003242b10a70098
:106534000c0007ad3b0040101c0003a12310e50034
:10654400100002ad2548e00082bf033c4000022455
:10655400147062ac1070628c20004230060040144b
:1065640003000c242070628c1070628c2000423076
:10657400fcff401003000c2404706cac81bf023c8f
:106584002000062410000a2401000b240c000c2413
:1065940008706bac04706cacd4004aacd40046ac4c
:1065a40054004aac540046ac0070668c0008c630f7
:1065b4001e00c010000000001000068d8228050097
:1065c4008248090082300600080005ad100006adbf
:1065d4002a00a0100c0009ad0000848c18000bad3b
:1065e400207064ac2200e054100003241800058dd0
:1065f4000800048d0200a41004000424087064ac94
:1066040020000324d80043ac0800e0030100022466
:10661400010002240c0000ad1c0002a1caff0010fe
:1066240025480000c8ff00102548e0000070668c73
:106634000004c6302500c010424809001000068d31
:106644004228050042300600080005ad100006ade2
:106654000a00a0100c0009ad0000849418000badd2
:10666400207064ace2ffe0501800058d1000032494
:10667400d80043ac0800e003010002240400c01069
:10668400ffffc624ff000424207064ac100006ad94
:10669400dbffe01010000324d80043acf5ff00102a
:1066a400000000001600c010080000ad25280000fe
:1066b400010003242b10a7000c0007ad9fff40141a
:1066c4001c0003a1a0ff00102548e0000800a0540e
:1066d400000084901000048dedff8010ffff8424df
:1066e400ff000524207065ace9ff0010100004ad24
:1066f40018000bad207064acbaff0010000000005d
:10670400010002240c0000ad1c0002a12548000079
:086714008dff00102528000094
:020000040000fa
:020000041d00dd
:10671c000400a88cb0ffbd274400b7af3800b4af5d
:10672c002c00b1af4c00bfaf4800beaf4000b6afbd
:10673c003c00b5af3400b3af3000b2af2800b0afff
:10674c0025b880002588a0004c0000050000b48c02
:10675c004408147c08003e8e10008a320000d28c53
:10676c000400d68c0400401125a8c0032510560245
:10677c0001004054feffd527080089320100205546
:10678c00ffffb5261000308e0c00338e2528a0029a
:10679c00ffff102621107002000040a00200022a08
:1067ac000b00401425105602360040140f004332e3
:1067bc0023101501211045003300401c0a006428e9
:1067cc000300a018020082322f00401400000000c9
:1067dc000b004011000000000000c28c0400c38cb0
:1067ec00251043000600401021107002feff1026f9
:1067fc00ffff47a03000032421107002000043a0cb
:10680c000400201120000324ffff10262110700229
:10681c00000043a01000268e1000b4af2538c00332
:10682c00ffffc6242330d000212870020a29400f14
:10683c002520e0020400e38e0001633004006010a8
:10684c004c00bf8f0400238e2a2043000b106400e1
:10685c004800be8f4400b78f4000b68f3c00b58f08
:10686c003800b48f3400b38f3000b28f2c00b18f4e
:10687c002800b08f0800e0035000bd27b5ff0010c2
:10688c00010008240a0064280200801057006224ca
:10689c0030006224bfffe3241a00632c1300601045
:1068ac00200043349fff63241a00632c10006050b7
:1068bc00ffff1026252040005c00a7af5800a6afb4
:1068cc002400a8af2000a5af1c00a9af6d35400f68
:1068dc001800aaaf5c00a78f5800a68f2400a88fc1
:1068ec002000a58f1c00a98f1800aa8fffff10266f
:1068fc0021187002000062a002911200001716000d
:10690c00ffffa52425905200a4ff001002b1160031
:020000040000fa
:020000041d00dd
:10691c0000e85d4100701a4000601b40e8febd2796
:10692c001401baaf02601a401001bbaf44781b7c53
:10693c0000047b370c01baaf00609b4012100000c2
:10694c000401a2afd800bff7101800000001a3afdc
:10695c00d000bdf712102000fc00a2afc800bbf79e
:10696c0010182000f800a3afc000b9f712104000b7
:10697c00f400a2afb800b7f710184000f000a3afb6
:10698c00b000b5f710186000a800b3f7a000b2f77c
:10699c00121060009800b1f79000b0f78800aff7c4
:1069ac008000aef77800adf77000acf76800abf77d
:1069bc006000aaf75800a9f75000a8f74800a7f7fd
:1069cc004000a6f73800a5f73000a4f72800a3f77d
:1069dc002000a2f71800a1f71000a0f7ec00a2af5e
:1069ec00e800a3afb81c3f7c0801a3af00f84244f9
:1069fc00e400a2af6e2c400f00000000e400a28f58
:106a0c0000f8c244fc00a58f0801a38f0401a28fdb
:106a1c001308a000f800a58ff8fc617c0001a38f7f
:106a2c001108a000f400a58fd800bfd7d000bdd7a7
:106a3c001310a000f000a58fc800bbd7c000b9d7b9
:106a4c001110a000ec00a58fb800b7d7b000b5d7d7
:106a5c001318a000e800a58fa800b3d7a000b2d7e8
:106a6c009800b1d79000b0d78800afd78000aed7d0
:106a7c007800add77000acd76800abd76000aad750
:106a8c005800a9d75000a8d74800a7d74000a6d7d0
:106a9c003800a5d73000a4d72800a3d72000a2d750
:106aac001800a1d71000a0d71300400011006000ff
:106abc001118a00000606041c00000000c01bb8fe9
:106acc001401ba8f02609b401001bb8f00709a407a
:106adc001801bd2700e8dd4100609b401800004212
:020000040000fa
:020000041d00dd
:106aec0000e85d4100701a4000601b40e8febd27c5
:106afc001401baaf02601a401001bbaf44781b7c82
:106b0c0000047b370c01baaf00609b4012100000f0
:106b1c000401a2afd800bff7101800000001a3af0a
:106b2c00d000bdf712102000fc00a2afc800bbf7cc
:106b3c0010182000f800a3afc000b9f712104000e5
:106b4c00f400a2afb800b7f710184000f000a3afe4
:106b5c00b000b5f710186000a800b3f7a000b2f7aa
:106b6c00121060009800b1f79000b0f78800aff7f2
:106b7c008000aef77800adf77000acf76800abf7ab
:106b8c006000aaf75800a9f75000a8f74800a7f72b
:106b9c004000a6f73800a5f73000a4f72800a3f7ab
:106bac002000a2f71800a1f71000a0f7ec00a2af8c
:106bbc00e800a3afb81c3f7c0801a3af00f8424427
:106bcc00e400a2af9334400f00000000e400a28f59
:106bdc0000f8c244fc00a58f0801a38f0401a28f0a
:106bec001308a000f800a58ff8fc617c0001a38fae
:106bfc001108a000f400a58fd800bfd7d000bdd7d6
:106c0c001310a000f000a58fc800bbd7c000b9d7e7
:106c1c001110a000ec00a58fb800b7d7b000b5d705
:106c2c001318a000e800a58fa800b3d7a000b2d716
:106c3c009800b1d79000b0d78800afd78000aed7fe
:106c4c007800add77000acd76800abd76000aad77e
:106c5c005800a9d75000a8d74800a7d74000a6d7fe
:106c6c003800a5d73000a4d72800a3d72000a2d77e
:106c7c001800a1d71000a0d713004000110060002d
:106c8c001118a00000606041c00000000c01bb8f17
:106c9c001401ba8f02609b401001bb8f00709a40a8
:106cac001801bd2700e8dd4100609b401800004240
:020000040000fa
:020000041d00dd
:106cbc0000e85d4100701a4000601b40e8febd27f3
:106ccc001401baaf02601a401001bbaf44781b7cb0
:106cdc0000047b370c01baaf00609b40121000001f
:106cec000401a2afd800bff7101800000001a3af39
:106cfc00d000bdf712102000fc00a2afc800bbf7fb
:106d0c0010182000f800a3afc000b9f71210400013
:106d1c00f400a2afb800b7f710184000f000a3af12
:106d2c00b000b5f710186000a800b3f7a000b2f7d8
:106d3c00121060009800b1f79000b0f78800aff720
:106d4c008000aef77800adf77000acf76800abf7d9
:106d5c006000aaf75800a9f75000a8f74800a7f759
:106d6c004000a6f73800a5f73000a4f72800a3f7d9
:106d7c002000a2f71800a1f71000a0f7ec00a2afba
:106d8c00e800a3afb81c3f7c0801a3af00f8424455
:106d9c00e400a2afd933400f00000000e400a28f42
:106dac0000f8c244fc00a58f0801a38f0401a28f38
:106dbc001308a000f800a58ff8fc617c0001a38fdc
:106dcc001108a000f400a58fd800bfd7d000bdd704
:106ddc001310a000f000a58fc800bbd7c000b9d716
:106dec001110a000ec00a58fb800b7d7b000b5d734
:106dfc001318a000e800a58fa800b3d7a000b2d745
:106e0c009800b1d79000b0d78800afd78000aed72c
:106e1c007800add77000acd76800abd76000aad7ac
:106e2c005800a9d75000a8d74800a7d74000a6d72c
:106e3c003800a5d73000a4d72800a3d72000a2d7ac
:106e4c001800a1d71000a0d713004000110060005b
:106e5c001118a00000606041c00000000c01bb8f45
:106e6c001401ba8f02609b401001bb8f00709a40d6
:106e7c001801bd2700e8dd4100609b40180000426e
:020000040000fa
:020000041d00dd
:106e8c0000e85d4100701a4000601b40e8febd2721
:106e9c001401baaf02601a401001bbaf44781b7cde
:106eac0000047b370c01baaf00609b40121000004d
:106ebc000401a2afd800bff7101800000001a3af67
:106ecc00d000bdf712102000fc00a2afc800bbf729
:106edc0010182000f800a3afc000b9f71210400042
:106eec00f400a2afb800b7f710184000f000a3af41
:106efc00b000b5f710186000a800b3f7a000b2f707
:106f0c00121060009800b1f79000b0f78800aff74e
:106f1c008000aef77800adf77000acf76800abf707
:106f2c006000aaf75800a9f75000a8f74800a7f787
:106f3c004000a6f73800a5f73000a4f72800a3f707
:106f4c002000a2f71800a1f71000a0f7ec00a2afe8
:106f5c00e800a3afb81c3f7c0801a3af00f8424483
:106f6c00e400a2af9d34400f00000000e400a28fab
:106f7c0000f8c244fc00a58f0801a38f0401a28f66
:106f8c001308a000f800a58ff8fc617c0001a38f0a
:106f9c001108a000f400a58fd800bfd7d000bdd732
:106fac001310a000f000a58fc800bbd7c000b9d744
:106fbc001110a000ec00a58fb800b7d7b000b5d762
:106fcc001318a000e800a58fa800b3d7a000b2d773
:106fdc009800b1d79000b0d78800afd78000aed75b
:106fec007800add77000acd76800abd76000aad7db
:106ffc005800a9d75000a8d74800a7d74000a6d75b
:10700c003800a5d73000a4d72800a3d72000a2d7da
:10701c001800a1d71000a0d7130040001100600089
:10702c001118a00000606041c00000000c01bb8f73
:10703c001401ba8f02609b401001bb8f00709a4004
:10704c001801bd2700e8dd4100609b40180000429c
:020000040000fa
:020000041d00dd
:10705c0000e85d4100701a4000601b40e8febd274f
:10706c001401baaf02601a401001bbaf44781b7c0c
:10707c0000087b370c01baaf00609b401210000077
:10708c000401a2afd800bff7101800000001a3af95
:10709c00d000bdf712102000fc00a2afc800bbf757
:1070ac0010182000f800a3afc000b9f71210400070
:1070bc00f400a2afb800b7f710184000f000a3af6f
:1070cc00b000b5f710186000a800b3f7a000b2f735
:1070dc00121060009800b1f79000b0f78800aff77d
:1070ec008000aef77800adf77000acf76800abf736
:1070fc006000aaf75800a9f75000a8f74800a7f7b6
:10710c004000a6f73800a5f73000a4f72800a3f735
:10711c002000a2f71800a1f71000a0f7ec00a2af16
:10712c00e800a3afb81c3f7c0801a3af00f84244b1
:10713c00e400a2afba18400f00000000e400a28fd8
:10714c0000f8c244fc00a58f0801a38f0401a28f94
:10715c001308a000f800a58ff8fc617c0001a38f38
:10716c001108a000f400a58fd800bfd7d000bdd760
:10717c001310a000f000a58fc800bbd7c000b9d772
:10718c001110a000ec00a58fb800b7d7b000b5d790
:10719c001318a000e800a58fa800b3d7a000b2d7a1
:1071ac009800b1d79000b0d78800afd78000aed789
:1071bc007800add77000acd76800abd76000aad709
:1071cc005800a9d75000a8d74800a7d74000a6d789
:1071dc003800a5d73000a4d72800a3d72000a2d709
:1071ec001800a1d71000a0d71300400011006000b8
:1071fc001118a00000606041c00000000c01bb8fa2
:10720c001401ba8f02609b401001bb8f00709a4032
:10721c001801bd2700e8dd4100609b4018000042ca
:020000040000fa
:020000041d00dd
:10722c0000e85d4100701a4000601b40e8febd277d
:10723c001401baaf02601a401001bbaf44781b7c3a
:10724c0000087b370c01baaf00609b4012100000a5
:10725c000401a2afd800bff7101800000001a3afc3
:10726c00d000bdf712102000fc00a2afc800bbf785
:10727c0010182000f800a3afc000b9f7121040009e
:10728c00f400a2afb800b7f710184000f000a3af9d
:10729c00b000b5f710186000a800b3f7a000b2f763
:1072ac00121060009800b1f79000b0f78800aff7ab
:1072bc008000aef77800adf77000acf76800abf764
:1072cc006000aaf75800a9f75000a8f74800a7f7e4
:1072dc004000a6f73800a5f73000a4f72800a3f764
:1072ec002000a2f71800a1f71000a0f7ec00a2af45
:1072fc00e800a3afb81c3f7c0801a3af00f84244e0
:10730c00e400a2af3727400f00000000e400a28f7a
:10731c0000f8c244fc00a58f0801a38f0401a28fc2
:10732c001308a000f800a58ff8fc617c0001a38f66
:10733c001108a000f400a58fd800bfd7d000bdd78e
:10734c001310a000f000a58fc800bbd7c000b9d7a0
:10735c001110a000ec00a58fb800b7d7b000b5d7be
:10736c001318a000e800a58fa800b3d7a000b2d7cf
:10737c009800b1d79000b0d78800afd78000aed7b7
:10738c007800add77000acd76800abd76000aad737
:10739c005800a9d75000a8d74800a7d74000a6d7b7
:1073ac003800a5d73000a4d72800a3d72000a2d737
:1073bc001800a1d71000a0d71300400011006000e6
:1073cc001118a00000606041c00000000c01bb8fd0
:1073dc001401ba8f02609b401001bb8f00709a4061
:1073ec001801bd2700e8dd4100609b4018000042f9
:020000040000fa
:020000041d00dd
:1073fc0000e85d4100701a4000601b40e8febd27ac
:10740c001401baaf02601a401001bbaf44781b7c68
:10741c00000c7b370c01baaf00609b4012100000cf
:10742c000401a2afd800bff7101800000001a3aff1
:10743c00d000bdf712102000fc00a2afc800bbf7b3
:10744c0010182000f800a3afc000b9f712104000cc
:10745c00f400a2afb800b7f710184000f000a3afcb
:10746c00b000b5f710186000a800b3f7a000b2f791
:10747c00121060009800b1f79000b0f78800aff7d9
:10748c008000aef77800adf77000acf76800abf792
:10749c006000aaf75800a9f75000a8f74800a7f712
:1074ac004000a6f73800a5f73000a4f72800a3f792
:1074bc002000a2f71800a1f71000a0f7ec00a2af73
:1074cc00e800a3afb81c3f7c0801a3af00f842440e
:1074dc00e400a2af6415400f00000000e400a28f8e
:1074ec0000f8c244fc00a58f0801a38f0401a28ff1
:1074fc001308a000f800a58ff8fc617c0001a38f95
:10750c001108a000f400a58fd800bfd7d000bdd7bc
:10751c001310a000f000a58fc800bbd7c000b9d7ce
:10752c001110a000ec00a58fb800b7d7b000b5d7ec
:10753c001318a000e800a58fa800b3d7a000b2d7fd
:10754c009800b1d79000b0d78800afd78000aed7e5
:10755c007800add77000acd76800abd76000aad765
:10756c005800a9d75000a8d74800a7d74000a6d7e5
:10757c003800a5d73000a4d72800a3d72000a2d765
:10758c001800a1d71000a0d7130040001100600014
:10759c001118a00000606041c00000000c01bb8ffe
:1075ac001401ba8f02609b401001bb8f00709a408f
:1075bc001801bd2700e8dd4100609b401800004227
:020000040000fa
:020000041d00dd
:1075cc0000e85d4100701a4000601b40e8febd27da
:1075dc001401baaf02601a401001bbaf44781b7c97
:1075ec00000c7b370c01baaf00609b4012100000fe
:1075fc000401a2afd800bff7101800000001a3af20
:10760c00d000bdf712102000fc00a2afc800bbf7e1
:10761c0010182000f800a3afc000b9f712104000fa
:10762c00f400a2afb800b7f710184000f000a3aff9
:10763c00b000b5f710186000a800b3f7a000b2f7bf
:10764c00121060009800b1f79000b0f78800aff707
:10765c008000aef77800adf77000acf76800abf7c0
:10766c006000aaf75800a9f75000a8f74800a7f740
:10767c004000a6f73800a5f73000a4f72800a3f7c0
:10768c002000a2f71800a1f71000a0f7ec00a2afa1
:10769c00e800a3afb81c3f7c0801a3af00f842443c
:1076ac00e400a2af7b27400f00000000e400a28f93
:1076bc0000f8c244fc00a58f0801a38f0401a28f1f
:1076cc001308a000f800a58ff8fc617c0001a38fc3
:1076dc001108a000f400a58fd800bfd7d000bdd7eb
:1076ec001310a000f000a58fc800bbd7c000b9d7fd
:1076fc001110a000ec00a58fb800b7d7b000b5d71b
:10770c001318a000e800a58fa800b3d7a000b2d72b
:10771c009800b1d79000b0d78800afd78000aed713
:10772c007800add77000acd76800abd76000aad793
:10773c005800a9d75000a8d74800a7d74000a6d713
:10774c003800a5d73000a4d72800a3d72000a2d793
:10775c001800a1d71000a0d7130040001100600042
:10776c001118a00000606041c00000000c01bb8f2c
:10777c001401ba8f02609b401001bb8f00709a40bd
:10778c001801bd2700e8dd4100609b401800004255
:020000040000fa
:020000041d00dd
:10779c0000e85d4100701a4000601b40e8febd2708
:1077ac001401baaf02601a401001bbaf44781b7cc5
:1077bc0000047b370c01baaf00609b401210000034
:1077cc000401a2afd800bff7101800000001a3af4e
:1077dc00d000bdf712102000fc00a2afc800bbf710
:1077ec0010182000f800a3afc000b9f71210400029
:1077fc00f400a2afb800b7f710184000f000a3af28
:10780c00b000b5f710186000a800b3f7a000b2f7ed
:10781c00121060009800b1f79000b0f78800aff735
:10782c008000aef77800adf77000acf76800abf7ee
:10783c006000aaf75800a9f75000a8f74800a7f76e
:10784c004000a6f73800a5f73000a4f72800a3f7ee
:10785c002000a2f71800a1f71000a0f7ec00a2afcf
:10786c00e800a3afb81c3f7c0801a3af00f842446a
:10787c00e400a2af4a25400f00000000e400a28ff4
:10788c0000f8c244fc00a58f0801a38f0401a28f4d
:10789c001308a000f800a58ff8fc617c0001a38ff1
:1078ac001108a000f400a58fd800bfd7d000bdd719
:1078bc001310a000f000a58fc800bbd7c000b9d72b
:1078cc001110a000ec00a58fb800b7d7b000b5d749
:1078dc001318a000e800a58fa800b3d7a000b2d75a
:1078ec009800b1d79000b0d78800afd78000aed742
:1078fc007800add77000acd76800abd76000aad7c2
:10790c005800a9d75000a8d74800a7d74000a6d741
:10791c003800a5d73000a4d72800a3d72000a2d7c1
:10792c001800a1d71000a0d7130040001100600070
:10793c001118a00000606041c00000000c01bb8f5a
:10794c001401ba8f02609b401001bb8f00709a40eb
:10795c001801bd2700e8dd4100609b401800004283
:020000040000fa
:020000041d00dd
:10796c0000e85d4100701a4000601b40e8febd2736
:10797c001401baaf02601a401001bbaf44781b7cf3
:10798c0000047b370c01baaf00609b401210000062
:10799c000401a2afd800bff7101800000001a3af7c
:1079ac00d000bdf712102000fc00a2afc800bbf73e
:1079bc0010182000f800a3afc000b9f71210400057
:1079cc00f400a2afb800b7f710184000f000a3af56
:1079dc00b000b5f710186000a800b3f7a000b2f71c
:1079ec00121060009800b1f79000b0f78800aff764
:1079fc008000aef77800adf77000acf76800abf71d
:107a0c006000aaf75800a9f75000a8f74800a7f79c
:107a1c004000a6f73800a5f73000a4f72800a3f71c
:107a2c002000a2f71800a1f71000a0f7ec00a2affd
:107a3c00e800a3afb81c3f7c0801a3af00f8424498
:107a4c00e400a2af1f24400f00000000e400a28f4e
:107a5c0000f8c244fc00a58f0801a38f0401a28f7b
:107a6c001308a000f800a58ff8fc617c0001a38f1f
:107a7c001108a000f400a58fd800bfd7d000bdd747
:107a8c001310a000f000a58fc800bbd7c000b9d759
:107a9c001110a000ec00a58fb800b7d7b000b5d777
:107aac001318a000e800a58fa800b3d7a000b2d788
:107abc009800b1d79000b0d78800afd78000aed770
:107acc007800add77000acd76800abd76000aad7f0
:107adc005800a9d75000a8d74800a7d74000a6d770
:107aec003800a5d73000a4d72800a3d72000a2d7f0
:107afc001800a1d71000a0d713004000110060009f
:107b0c001118a00000606041c00000000c01bb8f88
:107b1c001401ba8f02609b401001bb8f00709a4019
:107b2c001801bd2700e8dd4100609b4018000042b1
:020000040000fa
:020000041d00dd
:107b3c0000e85d4100701a4000601b40e8febd2764
:107b4c001401baaf02601a401001bbaf44781b7c21
:107b5c0000087b370c01baaf00609b40121000008c
:107b6c000401a2afd800bff7101800000001a3afaa
:107b7c00d000bdf712102000fc00a2afc800bbf76c
:107b8c0010182000f800a3afc000b9f71210400085
:107b9c00f400a2afb800b7f710184000f000a3af84
:107bac00b000b5f710186000a800b3f7a000b2f74a
:107bbc00121060009800b1f79000b0f78800aff792
:107bcc008000aef77800adf77000acf76800abf74b
:107bdc006000aaf75800a9f75000a8f74800a7f7cb
:107bec004000a6f73800a5f73000a4f72800a3f74b
:107bfc002000a2f71800a1f71000a0f7ec00a2af2c
:107c0c00e800a3afb81c3f7c0801a3af00f84244c6
:107c1c00e400a2af6a24400f00000000e400a28f31
:107c2c0000f8c244fc00a58f0801a38f0401a28fa9
:107c3c001308a000f800a58ff8fc617c0001a38f4d
:107c4c001108a000f400a58fd800bfd7d000bdd775
:107c5c001310a000f000a58fc800bbd7c000b9d787
:107c6c001110a000ec00a58fb800b7d7b000b5d7a5
:107c7c001318a000e800a58fa800b3d7a000b2d7b6
:107c8c009800b1d79000b0d78800afd78000aed79e
:107c9c007800add77000acd76800abd76000aad71e
:107cac005800a9d75000a8d74800a7d74000a6d79e
:107cbc003800a5d73000a4d72800a3d72000a2d71e
:107ccc001800a1d71000a0d71300400011006000cd
:107cdc001118a00000606041c00000000c01bb8fb7
:107cec001401ba8f02609b401001bb8f00709a4048
:107cfc001801bd2700e8dd4100609b4018000042e0
:020000040000fa
:020000041d00dd
:107d0c0000e85d4100701a4000601b40e8febd2792
:107d1c001401baaf02601a401001bbaf44781b7c4f
:107d2c00000c7b370c01baaf00609b4012100000b6
:107d3c000401a2afd800bff7101800000001a3afd8
:107d4c00d000bdf712102000fc00a2afc800bbf79a
:107d5c0010182000f800a3afc000b9f712104000b3
:107d6c00f400a2afb800b7f710184000f000a3afb2
:107d7c00b000b5f710186000a800b3f7a000b2f778
:107d8c00121060009800b1f79000b0f78800aff7c0
:107d9c008000aef77800adf77000acf76800abf779
:107dac006000aaf75800a9f75000a8f74800a7f7f9
:107dbc004000a6f73800a5f73000a4f72800a3f779
:107dcc002000a2f71800a1f71000a0f7ec00a2af5a
:107ddc00e800a3afb81c3f7c0801a3af00f84244f5
:107dec00e400a2aff133400f00000000e400a28fca
:107dfc0000f8c244fc00a58f0801a38f0401a28fd8
:107e0c001308a000f800a58ff8fc617c0001a38f7b
:107e1c001108a000f400a58fd800bfd7d000bdd7a3
:107e2c001310a000f000a58fc800bbd7c000b9d7b5
:107e3c001110a000ec00a58fb800b7d7b000b5d7d3
:107e4c001318a000e800a58fa800b3d7a000b2d7e4
:107e5c009800b1d79000b0d78800afd78000aed7cc
:107e6c007800add77000acd76800abd76000aad74c
:107e7c005800a9d75000a8d74800a7d74000a6d7cc
:107e8c003800a5d73000a4d72800a3d72000a2d74c
:107e9c001800a1d71000a0d71300400011006000fb
:107eac001118a00000606041c00000000c01bb8fe5
:107ebc001401ba8f02609b401001bb8f00709a4076
:107ecc001801bd2700e8dd4100609b40180000420e
:020000040000fa
:020000041d00dd
:107edc0000e85d4100701a4000601b40e8febd27c1
:107eec001401baaf02601a401001bbaf44781b7c7e
:107efc0000047b370c01baaf00609b4012100000ed
:107f0c000401a2afd800bff7101800000001a3af06
:107f1c00d000bdf712102000fc00a2afc800bbf7c8
:107f2c0010182000f800a3afc000b9f712104000e1
:107f3c00f400a2afb800b7f710184000f000a3afe0
:107f4c00b000b5f710186000a800b3f7a000b2f7a6
:107f5c00121060009800b1f79000b0f78800aff7ee
:107f6c008000aef77800adf77000acf76800abf7a7
:107f7c006000aaf75800a9f75000a8f74800a7f727
:107f8c004000a6f73800a5f73000a4f72800a3f7a7
:107f9c002000a2f71800a1f71000a0f7ec00a2af88
:107fac00e800a3afb81c3f7c0801a3af00f8424423
:107fbc00e400a2afc133400f00000000e400a28f28
:107fcc0000f8c244fc00a58f0801a38f0401a28f06
:107fdc001308a000f800a58ff8fc617c0001a38faa
:107fec001108a000f400a58fd800bfd7d000bdd7d2
:107ffc001310a000f000a58fc800bbd7c000b9d7e4
:10800c001110a000ec00a58fb800b7d7b000b5d701
:10801c001318a000e800a58fa800b3d7a000b2d712
:10802c009800b1d79000b0d78800afd78000aed7fa
:10803c007800add77000acd76800abd76000aad77a
:10804c005800a9d75000a8d74800a7d74000a6d7fa
:10805c003800a5d73000a4d72800a3d72000a2d77a
:10806c001800a1d71000a0d7130040001100600029
:10807c001118a00000606041c00000000c01bb8f13
:10808c001401ba8f02609b401001bb8f00709a40a4
:10809c001801bd2700e8dd4100609b40180000423c
:020000040000fa
:020000041d00dd
:1080ac0000e85d4100701a4000601b40e8febd27ef
:1080bc001401baaf02601a401001bbaf44781b7cac
:1080cc0000047b370c01baaf00609b40121000001b
:1080dc000401a2afd800bff7101800000001a3af35
:1080ec00d000bdf712102000fc00a2afc800bbf7f7
:1080fc0010182000f800a3afc000b9f71210400010
:10810c00f400a2afb800b7f710184000f000a3af0e
:10811c00b000b5f710186000a800b3f7a000b2f7d4
:10812c00121060009800b1f79000b0f78800aff71c
:10813c008000aef77800adf77000acf76800abf7d5
:10814c006000aaf75800a9f75000a8f74800a7f755
:10815c004000a6f73800a5f73000a4f72800a3f7d5
:10816c002000a2f71800a1f71000a0f7ec00a2afb6
:10817c00e800a3afb81c3f7c0801a3af00f8424451
:10818c00e400a2afb524400f00000000e400a28f71
:10819c0000f8c244fc00a58f0801a38f0401a28f34
:1081ac001308a000f800a58ff8fc617c0001a38fd8
:1081bc001108a000f400a58fd800bfd7d000bdd700
:1081cc001310a000f000a58fc800bbd7c000b9d712
:1081dc001110a000ec00a58fb800b7d7b000b5d730
:1081ec001318a000e800a58fa800b3d7a000b2d741
:1081fc009800b1d79000b0d78800afd78000aed729
:10820c007800add77000acd76800abd76000aad7a8
:10821c005800a9d75000a8d74800a7d74000a6d728
:10822c003800a5d73000a4d72800a3d72000a2d7a8
:10823c001800a1d71000a0d7130040001100600057
:10824c001118a00000606041c00000000c01bb8f41
:10825c001401ba8f02609b401001bb8f00709a40d2
:10826c001801bd2700e8dd4100609b40180000426a
:020000040000fa
:020000041d00dd
:10827c00c8ffbd27253080002520a0003400bfafeb
:10828c001000a0af1400a0af1800a0af1c00a0af4e
:10829c002000a0af2400a0af2800a0afbf27400f44
:1082ac002c00a0af4100a0103400bf8f3f00c010c5
:1082bc000080073c9040e7240a00e2840800a88c68
:1082cc0000088244019d023ca8bb44d4a10880460e
:1082dc00019d023c83102446b0bb44d4811024463b
:1082ec0034000015a01020463400a5241000a2274d
:1082fc002d00a4270000a390010042240100a52416
:10830c00fcff4414ffff43a01900a5931800a89389
:10831c001200a4931400a3931600a2931100ac9323
:10832c001300ab931500aa931700a993002c05001a
:10833c000042080000220400001a03000012020090
:10834c002528a80025208c0025186b0025104a0034
:10835c002528a9002026047c201e037c2016027ce4
:10836c001800e5ac0400e4a40600e3a40800e2a4b1
:10837c005800c5ac5c00c2e400088444a1098046e6
:10838c00000883448231204621098046000882443b
:10839c0002212046a1088046821020462800c6f4ff
:1083ac003000c4f43800c2f43400bf8f0800e0037e
:1083bc003800bd271800e98c020005240400e48471
:1083cc000600e3840800e2845800c9aceaff0515f6
:1083dc005c00c2e41200e5841000e8840e00e7841f
:1083ec00019d093cb8bb28d500088744a1098046eb
:1083fc0000088844823128462109804600088544bb
:10840c0002212846a108804682102846019d053c81
:10841c00c0bba8d4823128460221284682102846a7
:10842c00a0312046202120464000c6e4a010204662
:0c843c004400c4e4d0ff00104800c2e47b
:020000040000fa
:020000041d00dd
:10844800c8ffbd272400b5afef000224f00095282f
:108458000b10950025a840002000b4af7f0002242f
:108468008000b4280b10b40025a040000000a32a07
:10847800000042280ba803000ba00200c481838fd0
:10848800d081828f1800b2af231883022310a20272
:10849800c3270300c32f0200269083001400b1af46
:1084a8002688a20023882502239044022a2032022b
:1084b8003400bfaf3000beaf2c00b7af2800b6af56
:1084c8001c00b3af360080141000b0af2d0040047c
:1084d8000000000043006004019d163c019d163c0d
:1084e800f4c0d6261900401043801100019d133caa
:1084f800bcd6732625b82002cc81828fdc819e8f62
:10850800bc818493010006240000c5930430460012
:1085180004204400e881828fff00c63009f840003b
:10852800ff0084300000c2a309f860022180120213
:108538002a10300203004010fffff72609f8c00296
:1085480023801102edffe016cc81828f3400bf8fab
:10855800d08195afc48194af3000be8f2c00b78f07
:108568002800b68f2400b58f2000b48f1c00b38f6d
:108578001800b28f1400b18f1000b08f0800e0030c
:108588003800bd271900600443801100019d163c86
:10859800019d133cf4c0d626d6ff001084c4732670
:1085a8000e006004019d133c019d133cf4c073262a
:1085b80008004204019d163c019d163cbcd6d626f7
:1085c800251020024380120025884002c9ff0010b0
:1085d80025904000faff001084c4d626f4ff00104e
:1085e80088c07326bfff001088c0d626019d163ca0
:1085f800019d133c88c0d626beff001084c4732694
:020000040000fa
:020000041d00dd
:10860800880002243f00a2108900a2281a00401006
:10861800810002245400a2108200a2280500401004
:10862800800002245100a2500000e28c0800e00300
:1086380025100000820002243b00a2500000e28cba
:1086480084000224f9ffa214000000000000e28c5c
:10865800040043240000428c2700c0100000e3ac53
:108668002016027c000082acc3170200040082ac12
:108678000800e00301000224a00002243600a250f2
:108688000000e28ca100a2281000401090000224f3
:10869800e6ffa214000000000000e28c070042245c
:1086a8000410027c0000488c0400498c0800422415
:1086b8000000e2ac000088ac040089ac0100c010e6
:1086c800010002240800e00300000000c0000224aa
:1086d8000500a2500000e28cf0000224d3ffa2148f
:1086e800000000000000e28c040043240000e3ac1a
:1086f800020000100000428cffff423020000010f2
:10870800000082ac0000e28c040043240000428c8c
:108718000300c0100000e3acd2ff00102014027c5c
:10872800f6ff0010ff004230070042240410027ccc
:108738000000488c0400498c080042240000e2ac88
:10874800000088ac040089acdeffc01001000224e0
:108758000800e00300000000040043240000e3ac2c
:10876800c0ff00100000428c0000e28c040043248b
:108778000000e3ac0000428cbbffc014000082acd8
:08878800bbff0010040080acef
:020000040000fa
:020000041d00dd
:1000000000000040fb21f93f000000002d44743e39
:10001000000000809846f83c0000006051cc783b1e
:1000200000000080831bf0390000004020257a3852
:10003000000000802282e336000000001df36935d5
:1000400083f9a200444e6e00fc291500d157270009
:10005000dd34f50062dbc0003c999500419043001f
:100060006351fe00bbdeab00b761c5003a6e2400f1
:10007000d24d42004906e00009ea2e001c92d10050
:10008000eb1dfe0029b11c00e83ea700f5358200fb
:1000900044bb2e009ce98400b4267000417e5f00c2
:1000a000d6913900538339009cf439008b5f84006a
:1000b00028f9bd00f81f3b00deff97000f980500f0
:1000c000112fef000a5a8b006d1f6d00cf7e360096
:1000d00009cb2700464fb7009e663f002dea5f0020
:1000e000ba277500e5ebc7003d7bf100f739070043
:1000f00092528a00fb6bea001fb15f00085d8d0021
:10010000300356007bfc4600f0ab6b0020bccf00f8
:1001100036f49a00e3a91d005e619100081be60019
:1001200085996500a0145f008d40680080d8ff00ad
:1001300027734d0006063100ca561500c9a8730082
:100140007be260006b8cc000030000000400000034
:0801500004000000060000009d
:020000040000fa
:020000041d00dd
:10879000e0ffbd271800b0af1c00bfaf7534400f1d
:1087a0002580a000a507022401000252108080af9e
:1087b0001080828f010010240900505001a0103c4d
:1087c00036004010020003241c004310ac80828f4e
:1087d0001c00bf8f1800b08f7534400b2000bd27e0
:1087e0006b34400f00000000ac8084930200022430
:1087f00025280000108082afc829400f000000002b
:108800005734400f000000000100022482bf073ce3
:108810001400a2af1000a2aff09f05262070e7243d
:1088200004000624732a400f252000001c00bf8f7f
:108830001800b08f0800e0032000bd27010042248b
:108840001100432820006010ac8082af6b34400fd1
:1088500000000000108090af6134400f0000000065
:10886000a880858f82bf073c1400b0af1000b0af66
:108870002070e724f0000624732a400f2520000012
:10888000a880828f1c00bf8f1800b08ff000422498
:10889000a88082af0800e0032000bd27b08082934b
:1088a000ac8080afff0042300400401001a0103cbb
:1088b00000a00226caff0010a88082af00af0226e7
:1088c000c7ff0010a88082af1c00bf8f1800b08fb8
:1088d000030002242000bd27108082af7534400bb6
:0488e0000000000094
:020000040000fa
:020000041d00dd
:1088e400b0ffbd271c00b2af019d023c019d123cac
:1088f400000080444000b8f73800b6f7c8d258d614
:10890400d0d256d42800b5af2400b4af2000b3af02
:108914000080153c0080143c0080133c0000e044bf
:108924001800b1af1400b0af2c00bfaf3000b4f7e3
:108934005809b52658059426580473262580000046
:10894400800011240000b8f6000080f62520000203
:1089540008000324251000000100853040100200a7
:10896400ffff63242110a200fbff601443200400d6
:1089740001001026000062a60800b526080094260f
:108984000b0011120200732600009044210580465a
:1089940002a536464a29400f06a3204606a32046d0
:1089a4009325400f06062046e7ff00100000b8f6a6
:1089b400019d023cd8d256d40080113c019d023c5a
:1089c4000080103cc8d240d6d0d254d4580d3126a1
:1089d4002590000005000010581510260000924450
:1089e400210380464a29400f02633446020036467a
:1089f400080031260100522601b02046f7ff301648
:108a0400f8ff20f62c00bf8f2800b58f2400b48f08
:108a14002000b38f1c00b28f1800b18f1400b08fe8
:108a24004000b8d73800b6d73000b4d70800e00308
:048a34005000bd270a
:020000040000fa
:020000041d00dd
:108a3800c0ffbd272c00b1af258880002520c000cd
:108a48000400878c0000a28c3800b4afc2a70700ce
:108a58003400b3af3000b2af2800b0af3c00bfafb6
:108a68002580a0000400a38c0800b28c2000a2afcf
:108a78000c00b38c3e0080120000c68c2330060028
:108a88002b20060023380700080060042338e40080
:108a98004408027c050080162000a2af2000a28fa7
:108aa800040043302a006010c000427cffff4226c9
:108ab8002000a3271800a3af0a0003241400a3afc3
:108ac8001000a2af8423400f252000020600801664
:108ad8002d0003242000a38f040064301e008010a2
:108ae800080063302b000324ffff42242120620288
:108af800000083a01000068e2000a38f25384002b6
:108b0800ffffc6241000a3af2330c2002128620251
:108b18000a29400f252020020400238e000163301b
:108b2800040060103c00bf8f0400038e2a2043001d
:108b38000b1064003800b48f3400b38f3000b28f4c
:108b48002c00b18f2800b08f0800e0034000bd273b
:108b5800d7ff001023104202e6ff60102000042413
:108b6800ffff422421186202e2ff0010000064a007
:108b7800c8ff63044408027cc9ff00102000a28fcc
:020000040000fa
:020000041d00dd
:108b880053686f77204c696e6b20537461747573ea
:108b9800202020202020202020202020000000004d
:108ba80053746f70205472696767657220202020a3
:108bb800202020202020202020202020000000002d
:108bc800537461727420547269676765722020203b
:108bd800202020202020202020202020000000000d
:108be8005374617274205761726e696e6720202019
:108bf80020202020202020202020202000000000ed
:108c0800556e6c6f636b2053797374656d202020eb
:108c180020202020202020202020202000000000cc
:108c28004c6f636b2053797374656d20202020206e
:108c380020202020202020202020202000000000ac
:108c4800536166652053797374656d202020202058
:108c5800202020202020202020202020000000008c
:108c6800486f73742043505520256c6c58202c2075
:108c7800436d642025690000556e6c6f636b20534b
:108c8800797374656d204661696c656420202020c5
:108c98002020202000000000486f737420435055a6
:108ca80020256c6c580000004900000044000000ba
:108cb800450000004100000057000000550000007a
:088cc8004c0000005300000005
:020000040000fa
:020000041d00dd
:108cd000d8ffbd271400b0af88bf103c0000028e43
:108ce000040003242000b3af04d6627c1c00b2afa2
:108cf0002400bfaf1800b1af259880002590a000d8
:108d0000000002ae0000028e4015427cfdff4314bd
:108d1000000000004007038e02000224010011241d
:108d2000c439037c400703ae4007038e2728130095
:108d300000e0a57cc47b037c400703ae3000038ebb
:108d400025200000048c437c300003ae4007038ed6
:108d50000420437c400703ae4007038e0462437c3b
:108d6000400703aec007028e84f7227ec00702ae22
:108d7000e007028e84f7227ee00702aed007028e63
:108d800084f7227ed00702aef007028e84f7227e9f
:108d9000f00702ae0e2d400f000000002728120041
:108da000010004240e2d400f00e0a57c2528600260
:108db000142c400f2520000025284002142c400fc1
:108dc000010004244007028ec439227e400702ae0f
:108dd0004007028ec47b227e400702ae0000028e56
:108de00004d6027c000002ae0000028e4015427cd8
:108df000fdff40142400bf8f2000b38f1c00b28ff2
:108e00001800b18f1400b08f0800e0032800bd27c0
:020000040000fa
:020000041d00dd
:108e10000400828cc0ffbd273800beaf2800b4af6d
:108e20002000b2af1c00b1af3c00bfaf3400b7af01
:108e30003000b6af2c00b5af2400b3af1800b0af10
:108e40002588c0002590e0005400b48f0200410442
:108e50005800be8f010002241000908c0c00958ced
:108e60000000d78f5000b38fffff10262118b002eb
:108e7000000060a001000924234053000200f732e3
:108e8000c3b714001000001e251032022c00205120
:108e90000000c28f3c00bf8f251000023800be8f3b
:108ea0003400b78f3000b68f2c00b58f2800b48ff8
:108eb0002400b38f2000b28f1c00b18f1800b08f38
:108ec0000800e0034000bd270700401421101301f3
:108ed0000600401c25202002ecff601a0000000064
:108ee000eaffe012000000002520200225284002b1
:108ef000253080022538c0021400a8af1811400f99
:108f0000ffff10261000a2af2118b002300042244b
:108f10002520200225284002000062a02530800282
:108f20002910400f2538c002ffff73262588400016
:108f3000259060001400a88fd2ff00101000a98fa8
:0c8f40000421027cd3ff00100000c2af2f
:020000040000fa
:020000041d00dd
:108f4c004000801083bf063c1080c28c0e00423063
:108f5c001d00401025180000e8ffbd271400bfaf0e
:108f6c006032400f060007243b00a01025180000bb
:108f7c001080c28c01004230fdff40100000000048
:108f8c001080c28c0e004230300040141400bf8f91
:108f9c000080c28c06004230260047100000000002
:108fac003080c28c01008424ffff82a00100632466
:108fbc00efffa3142610a3000100422c1400bf8f56
:108fcc000800e0031800bd272700a01006000724a6
:108fdc001080c28c01004230fdff401000000000e8
:108fec001080c28c0e0042301600401400000000ad
:108ffc000080c28c060042300a00471000000000be
:10900c003080c28c01008424ffff82a00100632405
:10901c00efffa314000000002610a3000800e003db
:10902c000100422c3080c28c02008424f7ff001017
:10903c00feff82a43080c28c02008424dbff00106f
:10904c00feff82a40800e00325100000251000009c
:10905c000800e0031800bd272518a0002610a30067
:10906c00d6ff00100100422cebff00102518a000c9
:020000040000fa
:020000041d00dd
:10907c0081bf023c4011438c010004248001637cbd
:10908c001b006410000000004011438c0001637c45
:10909c0017006410000000004011458c0080033c58
:1090ac00252000004000a57c1900a014c4416324b5
:1090bc004011458c01000624c000a57c1d00a610a3
:1090cc001800798c4011458c0100a5302600a610a3
:1090dc0000020524640045ac2e00201300000000a3
:1090ec002a008014000000000800e00300000000cb
:1090fc004011458c0080033c01000424c4416324ce
:10910c004000a57c140064ace9ffa010040004240a
:10911c0002000424441144ac140065ac4011458c8d
:10912c0001000624100060a0c000a57ce5ffa61479
:10913c001800798c58000424441144ac4011448c20
:10914c00140065ac0100843007008510100060a08d
:10915c0000020424640044ac0c0020170100042419
:10916c000800e0030000000001000424441144ac9a
:10917c0002000424140064ac00020424640044ac17
:10918c00100060a0d8ff2013020004240800200364
:0c919c001c00658c0800e00300000000cf
:020000040000fa
:020000041d00dd
:1091a80081bf023c0012438c010004248001637ccf
:1091b8001b006410000000000012438c0001637c57
:1091c80017006410000000000012458c0080033c6a
:1091d800252000004000a57c1900a014c441632488
:1091e8000012458c01000624c000a57c1d00a610b5
:1091f8002800798c0012458c0100a5302600a610a5
:1092080000040524640045ac2e0020130000000073
:109218002a008014000000000800e003000000009d
:109228000012458c0080033c01000424c4416324df
:109238004000a57c240064ace9ffa01004000424cd
:1092480002000424041244ac240065ac0012458cce
:1092580001000624200060a0c000a57ce5ffa6143c
:109268002800798c58000424041244ac0012448c61
:10927800240065ac0100843007008510200060a040
:1092880000040424640044ac0c00201701000424ea
:109298000800e0030000000001000424041244acac
:1092a80002000424240064ac00040424640044acd8
:1092b800200060a0d8ff2013020004240800200327
:0c92c8002c00658c0800e0030000000092
:020000040000fa
:020000041d00dd
:1092d40081bf023cc015438c010004248001637cdf
:1092e4001b00641000000000c015438c0001637c67
:1092f4001700641000000000c015458c0080033c7a
:10930400252000004000a57c1900a014c44163245a
:10931400c015458c01000624c000a57c1d00a610c4
:109324007800798cc015458c0100a5302600a61064
:109334000002053c940045ac2e0020130000000000
:109344002a008014000000000800e0030000000070
:10935400c015458c0080033c01000424c4416324ef
:109364004000a57c740064ace9ffa0100400042450
:1093740002000424c41544ac740065acc015458ccb
:1093840001000624700060a0c000a57ce5ffa614bf
:109394007800798c58000424c41544acc015448c5e
:1093a400740065ac0100843007008510700060a073
:1093b4000002043c940044ac0c0020170100042477
:1093c4000800e0030000000001000424c41544acbc
:1093d40002000424740064ac0002043c940044ac15
:1093e400700060a0d8ff20130200042408002003aa
:0c93f4007c00658c0800e0030000000015
:020000040000fa
:020000041d00dd
:10940000421705000600032440004310070007240c
:109410002100471000e0a37c4010040021204400fc
:1094200081bf023c80210400901042242110820060
:10943000422f060006000724000043ac2800a75076
:10944000021f0600070002240700a21000e0c37cf0
:1094500081bf023ca010422421208200000083ac86
:109460000800e00300000000021f06000e000224b6
:109470001e00621000d8c67c81bf023c0030033c55
:10948000a01042242518c30021208200000083acd4
:109490000800e00300000000021f05000e00022487
:1094a0001e00621000d8a57c40100400212044005a
:1094b00081bf023c0030033c802104009010422414
:1094c0002518a30021108200422f06000600072461
:1094d000000043acdcffa71407000224021f0600b3
:1094e0000c000224e4ff621400d8c67c81bf023c59
:1094f0000020033ca01042242518c3002120820034
:10950000000083ac0800e00300000000021f05001b
:109510000c000224e4ff621400d8a57c0020033c68
:08952000bdff00102518a30097
:020000040000fa
:020000041d00dd
:1095280081bf023c8010438c010004248001637ccd
:109538001a0064100080063c8010438c0001637c94
:1095480017006410010003248010438c25200000bc
:109558004000637c18006014c441c5248010438c0b
:1095680001000724c000637c1c0067100800b98c48
:109578008010438c0100633025006710000103242c
:10958800640043ac2d002013000000002900801463
:10959800000000000800e0030000000001000324b0
:1095a800c441c5240400a3ac8010438c4000637cf4
:1095b800eaff60100400042402000424841044ac70
:1095c8000400a3ac8010438c01000724c441c0a050
:1095d800c000637ce6ff67140800b98c58000424b7
:1095e800841044ac8010448c0400a3ac0100843087
:1095f80007008310c441c0a000010324640043ace9
:109608000c002017010004240800e00300000000fb
:1096180001000324841043ac020003240400a3ac1b
:1096280000010324c441c0a0640043acd9ff201347
:1096380002000424080020030c00a58c0800e003a5
:04964800000000001e
:020000040000fa
:020000041d00dd
:10964c00d0ffbd273000acf73400a48fe93f033cba
:10965c00fc21632400f0827c2b1843001b0060105b
:10966c002c00bfaf503e033c2b10430010004010a9
:10967c00f07f023c2420820008008014019d023cf3
:10968c00c0d740d4026020461800a0f72c00bf8f32
:10969c003000a0d70800e0033000bd27019d023c3c
:1096ac00c8d740d43000a1d7f7ff001000082046df
:1096bc00007080441000a0af0070e0447a2d400f81
:1096cc0000000000f1ff00103000a0f7f07f033c19
:1096dc002b104300040040143000a0d7010020469a
:1096ec00eaff00103000a0f71d0f400f1800a6274e
:1096fc0003004230010003242000aed70b004310be
:10970c001800acd707004010020004240b004410d2
:10971c00000000006e2e400f000000000a00001038
:10972c0000006544e5ff00101000a3af6e2e400f43
:10973c0000000000d5ff00103000a0f77a2d400f7c
:10974c001000a3af00006544000004440080023cfc
:10975c00261045003000a4afccff00103400a2af9f
:020000040000fa
:020000041d00dd
:10976c00b8ffbd271000b0af258080002400bfaf2c
:10977c002000b4af1c00b3af1800b2af1400b1afef
:10978c003800b8f73000b6f73922400f2800b4f78c
:10979c001a000016019d023c0080133c58267026ce
:1097ac00f230400f582664260328400f00000000ba
:1097bc004c2b400f58266426010000a2020000a288
:1097cc00030000a2040000a2050000a22400bf8f29
:1097dc00582660a22000b48f1c00b38f1800b28fe3
:1097ec001400b18f1000b08f3800b8d73000b6d746
:1097fc002800b4d70800e0034800bd2718d456d47d
:10980c0000008044019d023c20d454d40080133cc1
:10981c00019d023c28d458d40000e04425a000004f
:10982c00582670260080123c0b00001000011124f9
:10983c000d0020460000024480ff422401009426c3
:10984c00d7ff9112000062a00000944421038046cf
:10985c009325400f02633846020036463ea0204650
:10986c00f3ff004521181402010034460d00204678
:0c987c0000000244f0ff00102510520014
:020000040000fa
:020000041d00dd
:1098880086bf033c10080524300065ac140065aca5
:1098980011190524040065ac00190524580065acad
:1098a80040ca0534300165ac41ca0534140165acc1
:1098b8008d020524040165acfcff0534580165ac34
:1098c800bc000524c80165ac00920534300265acc3
:1098d800049a0534140265ac07180524040265ac23
:1098e800c62b0524580265ac00010424c3010524d5
:1098f800c80265ac300364ac140364ac580364acb0
:1099080099aa033c80bf023c55666324300040acf2
:10991800300043ac6655033caa996334300043ac2d
:109928000000478c0600062403000324446b077cd0
:10993800000047ac09000724a41446ac081447ac3f
:10994800641446ac02000624981446ac04000424af
:109958000100052407000624e01443ace41443acda
:10996800e81446acc41444ac981644ac9c1644acf9
:10997800801645ac541643ac0c0003244c1643ac7b
:109988000000438c446ba37c000043ac300040ac27
:089998000800e00300000000dc
:020000040000fa
:020000041d00dd
:1099a00022008010000000001d008290e8ffbd270b
:1099b0001000b0afff0042301400bfaf07004010ee
:1099c000258080001c0002921400bf8f1000b08f11
:1099d000ff0042300800e0031800bd27b433400ff9
:1099e000102704240040053c9100a524b32b400f10
:1099f00025200002b400028e51000324007a427c2c
:109a000021004310c10003240a0043102528000050
:109a10001c0000a21c0002921400bf8f1000b08f27
:109a2000ff0042300800e0031800bd270800e003f3
:109a300025100000292e400f252000020f00405065
:109a4000010002240e00029201000324210003a25f
:109a500000b0053c02000324080003ae0f0002a280
:109a6000b32b400f6f1fa5240100043cb433400ffb
:109a7000a08684340900001001000224200002a204
:109a8000d0ff00100000000025280000292e400f04
:109a900025200002f9ff4010010002241c0002a250
:109aa000b40000ae200000a2012a400f25200002d1
:089ab000c4ff001000000000db
:020000040000fa
:020000041d00dd
:109ab8001000a2930300432c3d00605025100000c5
:109ac8003d00801088bf0a3cffff42244048020046
:109ad8002110220100490200800143250a18697cef
:109ae8000100633032006010251000009001482505
:109af8000a40097d00a0023c2540020104000b8dac
:109b08000000038d10006b3106006011ff07623002
:109b180080140300fc1f0b3c24104b00c08a637c9c
:109b280025104300000082ac0400028d019d033c17
:109b380020d763240f0044308a19647ca000423087
:109b48001400a48f200042380100422c000082ac8f
:109b58000400e0100000a3a00800028d0000e2aca1
:109b68000000a3900c00601025100000ff00433097
:109b7800211803010c0064902118c200010042243e
:109b8800000064a00000a390ff0044302b1883005d
:109b9800f7ff6014ff00433070014a25214849014e
:109ba8000000238d0100022400016334000023ad6e
:109bb8000800e00300000000251000000800e00392
:049bc8000000000099
:020000040000fa
:020000041d00dd
:109bcc00e8ffbd271000b0af1400bfaf0036400f48
:109bdc00258080001b43033c83de63341900430063
:109bec000200102e10100000821402000500001656
:109bfc00a48082af1400bf8f1000b08f0800e00368
:109c0c001800bd277534400f00000000a480848f1d
:109c1c004010040021104400801902002118430058
:109c2c0080180300211864008018030021186400b8
:109c3c00c01903002510000000488240c00000003d
:109c4c00004802402b104300fdff401400000000b0
:109c5c00802b400f000000007330400f000000000c
:109c6c00f435400f2520000018000524072e400f66
:109c7c003c000424009d063c6037c6246400052487
:109c8c007613400f64000424a480848f40190400d0
:109c9c00231064008019020023186200c01803000e
:109cac002118640080190300251000000048824030
:109cbc00c0000000004802402b104300fdff401480
:109ccc001400bf8f1000b08f0800e0031800bd27f0
:020000040000fa
:020000041d00dd
:109cdc0082bf033c1070628ce8ffbd271400bfaf3d
:109cec00080042301a0040101000b0af0080043c55
:109cfc00080385241800a28c0800a68c2b3846007b
:109d0c001a00e010000000000070678c0803888cbb
:109d1c000008e7302800e014010049240070648c2e
:109d2c00000484302a0080501800a9ac40200200a6
:109d3c0021100401000042941800a9ac207062ac00
:109d4c000400c91481bf103c0c000224047062ace6
:109d5c0081bf103c1400bf8f20000224540002aebf
:109d6c001000b08f0800e0031800bd27f9ff46145f
:109d7c0081bf103c1070628c80004230f6ff4010a6
:109d8c001400bf8f2000a28c40000424147064ac1b
:109d9c0081bf103c200003241c00a0a0d40003ae03
:109dac00edff40501400bf8f09f840002400a48c34
:109dbc00e9ff00101400bf8f1800a9ac801002003e
:109dcc000a10027d207062acddff00100000000064
:109ddc008a11027d207062acd9ff001000000000d7
:020000040000fa
:020000041d00dd
:109dec0082bf033c1072628ce8ffbd271400bfaf2a
:109dfc00080042301a0040101000b0af0080043c44
:109e0c00300385241800a28c0800a68c2b38460041
:109e1c001a00e010000000000072678c3003888c80
:109e2c000008e7302800e014010049240072648c1b
:109e3c00000484302a0080501800a9ac4020020095
:109e4c0021100401000042941800a9ac207262aced
:109e5c000400c91481bf103c0c000224047262acd3
:109e6c0081bf103c1400bf8f8000023c540002ae36
:109e7c001000b08f0800e0031800bd27f9ff46144e
:109e8c0081bf103c1072628c80004230f6ff401093
:109e9c001400bf8f2000a28c40000424147264ac08
:109eac0081bf103c8000033c1c00a0a0d40003ae7a
:109ebc00edff40501400bf8f09f840002400a48c23
:109ecc00e9ff00101400bf8f1800a9ac801002002d
:109edc000a10027d207262acddff00100000000051
:109eec008a11027d207262acd9ff001000000000c4
:020000040000fa
:020000041d00dd
:109efc0017008010019d023c0f0082900d00432c36
:109f0c001800601080180200019d023c289f42241a
:109f1c000a10437c0800400000000000c49f009d14
:109f2c00d09f009df49f009dac9f009d709f009d55
:109f3c00a09f009db89f009ddc9f009da09f009d51
:109f4c008c9f009de89f009d649f009d649f009dd9
:109f5c000800e00358bb40d4019d023c0800e0031c
:109f6c0088bb40d40800828c22004050019d023cea
:109f7c000100032405004310090002240f0082a0f5
:109f8c00019d023c0800e00348bb40d405000224bc
:109f9c000f0082a0019d023c0800e00368bb40d486
:109fac00019d023c0800e00390bb40d4019d023ca3
:109fbc000800e00370bb40d4019d023c0800e003a4
:109fcc0098bb40d4019d023c0800e00360bb40d428
:109fdc00019d023c0800e00378bb40d4019d023c8b
:109fec000800e00380bb40d4019d023c0800e00364
:109ffc00a0bb40d40f0080a00800e00350bb40d4ad
:020000040000fa
:020000041d00dd
:10a00c00f0ffbd270800b1af0400b0af00800b3cdf
:10a01c0000800a3c0080113c0080103c0c00b2af68
:10a02c00254800008000082458096b2558054a254e
:10a03c00581d31265815102608001224c06008003f
:10a04c002378080021682c0240c8080000c10800d1
:10a05c0021600c02c0780f00257000002130ed014a
:10a06c002128ec01252080012518a00125100000d5
:10a07c000000a8d4000083d404382201c0380700a3
:10a08c00814123468100eb4c0100ea4c0000c4d412
:10a09c000213264682012646000061d40042234664
:10a0ac00010042248122214600212146080063241c
:10a0bc0008008424a910ca4c21008a4d2a38480073
:10a0cc000000a8f40000c4f40800a5240800c6246d
:10a0dc00f8ff62f4e6ffe014f8ff80f42170d90178
:10a0ec000001c2292168b801dcff401421609801ed
:10a0fc0001002925d1ff3215434008000c00b28f16
:10a10c000800b18f0400b08f0800e0031000bd27d9
:020000040000fa
:020000041d00dd
:10a11c0088bf023c0070438cc4bf043cc47b037cee
:10a12c00007043ac0050858c0103033c0100632498
:10a13c00007d45ac507343ac0450848c107d44ac12
:10a14c00607343ac6000033c007043ac0001033c03
:10a15c00107040ac207043ac307040ac007240ac1e
:10a16c00107240ac207240ac607240ac407340ac9a
:10a17c00407040ac507040ac607040ac707040ac03
:10a18c00a07040acb07040ac0070438c0100042453
:10a19c00c47b837c007043ac1070438cfeff610465
:10a1ac00000000001070438c8007637cfdff60147e
:10a1bc00000000000074438c010004240400837c24
:10a1cc00007443ac0074438c0002637cfdff601090
:10a1dc00000000002070438c010004240484837c64
:10a1ec00207043ac0074438c4408837c007443acf3
:10a1fc000074438c4002637cfdff60100000000083
:10a20c002070438c01000424448c837c207043ac6c
:08a21c000800e003000000004f
:020000040000fa
:020000041d00dd
:10a22400b2808293d8ffbd272000b4af100014245d
:10a2340023a082021800b2afff0083328000d27cd8
:10a24400239012002b1883002400bfaf1c00b3af6f
:10a254001400b1af1000b0af02006010ff00523222
:10a2640025a08000b1808493f0ff11242388240268
:10a27400ff0023322b18a30002006010ff00943269
:10a284002588a000ff0031321900801225980000b3
:10a29400070020122580000001001026252040021e
:10a2a400d432400fff001032fcff1156010010267b
:10a2b400b2808393b18082930100732601006324ea
:10a2c400231051000f006330ff0042302528400066
:10a2d40025206000ff007332b28083a3c829400f99
:10a2e400b18082a3eaff7416b2808293b180849312
:10a2f400231054002400bf8f2000b48f1c00b38fa0
:10a304001800b28f1400b18f1000b08f0f004230cc
:10a31400252880002800bd2725204000c829400b9f
:04a32400b28082a3de
:020000040000fa
:020000041d00dd
:10a3280088bf023c0000438c0004053c0400042460
:10a3380080806334000043ac0000438c04d6037c67
:10a3480025186500000043ac0000438c4015637c71
:10a35800fdff641400a0033c1100043c7028632432
:10a36800200044ac00e0637c2500043c100044acb1
:10a37800300143ac20000324000143ac0000438caf
:10a388000800043c1000053c25186400000043ac9c
:10a3980000e0033c400143ac0000448c00ff033c58
:10a3a800252085008000652420006324000044ac3b
:10a3b800700145aca00143ac8a55033c748c6334ee
:10a3c800c00740acd00743ac4007438c82006334dd
:10a3d800400743acf847033cbfc76334e00740acd1
:10a3e800f00743ac4007438c00826334400743ac1a
:10a3f8000300033c00026324500043ac0000438c7c
:10a4080004d6037c000043ac0000438c4015637cf9
:10a41800fdff6014000000000800e00300000000d9
:020000040000fa
:020000041d00dd
:10a42800c0ffbd272c00b3af5000b38f3800b6afc4
:10a438003000b4af010073322800b2af2400b1afce
:10a448002000b0af3c00bfaf3400b5af259080000e
:10a4580025b0a0002580c0002588e0000300601614
:10a468002ba0c7001300805623a03002253000021d
:10a478002528c002562d400f252040020d008016c9
:10a4880023a03002258800023c00bf8f251020023f
:10a498003800b68f3400b58f3000b48f2c00b38fde
:10a4a8002800b28f2400b18f2000b08f0800e0038d
:10a4b8004000bd271100862e100002240b108602d2
:10a4c80025304000200005241000a427bc34400f8c
:10a4d80025a880021000a22e0b0040100f00863223
:10a4e8001000a527562d400f25204002e6ff6016d4
:10a4f800253000022528c002562d400f2520400295
:10a50800e2ff00103c00bf8f100006241000a527b2
:10a51800562d400f25204002eeff0010f0ffb52613
:020000040000fa
:020000041d00dd
:10a52800c8ffbd273800acf73c00a28fe93f033cc9
:10a53800fc21632400f0427c2b18430013006010b8
:10a548003400bfaf463e033c9ea063342b1043004b
:10a5580008004010019d023ca8d740d4019d023c50
:10a56800006020461800a0f7a0d740d424000010af
:10a578002800a0f7007080440070e0446e2e400f61
:10a58800000000001e0000102800a0f7f07f033c28
:10a598002b104300030040143800a0d7f3ff00102d
:10a5a800010020461d0f400f1800a6270300423067
:10a5b800010003242000aed7090043101800acd7cf
:10a5c800eeff4010020004241100441000000000b7
:10a5d8007a2d400f1000a3af090000102800a0f743
:10a5e8007a2d400f1000a2af00006544000004441b
:10a5f8000080023c261045002800a4af2c00a2af22
:10a608003400bf8f2800a0d70800e0033800bd271a
:10a618006e2e400f00000000f4ff0010000065449b
:020000040000fa
:020000041d00dd
:10a62800e0ffbd271400b0af1c00bfaf1800b1afea
:10a638008c35400f2580800086bf023c1000032423
:10a64800340043ac00800334380243ac2a000012c3
:10a658001c00bf8f6826400f2520000200b4113c63
:10a668006826400f2520000298202526b32b400f8e
:10a6780025200002b433400f102704240f00029253
:10a688001f002526fbff5124ff0031320800222e2f
:10a698001d004054019d053cb32b400f25200002ae
:10a6a8000100043c0018113cb433400fa0868434e8
:10a6b800e5002526b32b400f25200002e5002536ae
:10a6c800b32b400f25200002e5002536b32b400fa1
:10a6d80025200002e5002536b32b400f2520000277
:10a6e800b400028e005a437c000e427c180003ae70
:10a6f800140002ae1c00bf8f1800b18f1400b08f79
:10a708000800e0032000bd2780881100f4d3a524a9
:08a71800e1ff00100a28b17cea
:020000040000fa
:020000041d00dd
:10a7200001a0023cf09f4224040046900f008330b9
:10a730000400c72c0200e01460006634040040a04e
:10a7400004004390023904007000e73421184300ec
:10a75000000066a00400439001006324ff00633002
:10a76000040043a0040043900400632c01006050e7
:10a77000040040a004004390023105001000c634dc
:10a7800021184300000067a00400439001006324e7
:10a79000ff006330040043a0040043900400632cd6
:10a7a00001006050040040a0040043900f00a73057
:10a7b00021184300000066a00400439001006324b8
:10a7c000ff006330040043a0040043900400632ca6
:10a7d00001006050040040a004004390b18085a3b4
:10a7e000b28084a321184300000067a004004390b6
:10a7f00001006324ff006330040043a00800e0036d
:04a800000000000054
:020000040000fa
:020000041d00dd
:10a8040005008010000000001d008290ff0042300f
:10a8140003004010000000000800e00325100000c1
:10a82400e0ffbd271800b1af1400b0af00fc113c2d
:10a83400258080001c00bfafb433400f10270424d0
:10a844006e012526b32b400f252000020064053c31
:10a85400a700a524b32b400f252000020068053c67
:10a86400ad00a524b32b400f25200002b400028eb6
:10a87400730025262520000202120200b32b400f8c
:10a88400c40002a625280000292e400f252000021e
:10a8940007004054b400048e1c00bf8f2510000034
:10a8a4001800b18f1400b08f0800e0032000bd270a
:10a8b400c40003961c00bf8f02220400002c040075
:10a8c4002118650000e0637cc60004a6040003ae02
:10a8d4001800b18f1400b08fa08083af0800e0038c
:04a8e4002000bd276c
:020000040000fa
:020000041d00dd
:10a8e800840002242200a2500000e28c8500a228e5
:10a8f80010004010810002240800a2500000e28ce1
:10a90800820002242700a2500000e28c800002246a
:10a918001000a214000000000000e28c0400432490
:10a928000000e3ac0000428c000082ac150000106f
:10a93800000046ac900002241a00a2500000e28ced
:10a948009100a22805004010880002240f00a250a0
:10a958000000e28c0800e00325100000a00002249b
:10a96800eeffa2500000e28ce9ff0010c0000224b4
:10a97800040043240000e3ac0000428c000082acd9
:10a98800000046a40800e003010002240400432458
:10a998000000e3ac0000428c000082acf9ff00101c
:10a9a800000046a0040043240000e3ac0000428cf1
:10a9b800000082ac000046acc3370600f1ff00106f
:04a9c800040046ac95
:020000040000fa
:020000041d00dd
:10a9cc000080093c00590400c44129254040040082
:10a9dc008a192b7d2140040181bf023c8041080073
:10a9ec00801042240a10027d030060100b004330db
:10a9fc00280060102510000081bf0a3c84104225fd
:10aa0c00e8ffbd27211002015b0003241400bfaf37
:10aa1c0021482b01000043ac010002242560c0003a
:10aa2c00000022a10025400f2530e0002800a38f54
:10aa3c00b0104425c01047252120040121380701fe
:10aa4c0000008cac0000e3ac2c00a38ff01045256b
:10aa5c0068104225211002012128050180000624de
:10aa6c000000a3ac70104425000046ac0a20047d05
:10aa7c001000843004008014010002247810432557
:10aa8c0021400301000006ad1400bf8f0800e00355
:0caa9c001800bd270800e00300000000c7
:020000040000fa
:020000041d00dd
:10aaa800a8ffbd270400a1af0800a2af0c00a3af08
:10aab8001000a4af1400a5af1800a6af1c00a7afe4
:10aac8002000a8af2400a9af2800aaaf2c00abaf84
:10aad8003000acaf3400adaf3800aeaf3c00afaf24
:10aae8004000b8af4400b9af4800bfaf1240000003
:10aaf8004c00a8af104000005000a8af019d1a3cc0
:10ab080018d65a270000000000680440006005407d
:10ab180009f84003000000005000a88f1100000150
:10ab28004c00a88f130000010400a18f0800a28f19
:10ab38000c00a38f1000a48f1400a58f1800a68ff7
:10ab48001c00a78f2000a88f2400a98f2800aa8f97
:10ab58002c00ab8f3000ac8f3400ad8f3800ae8f37
:10ab68003c00af8f4000b88f4400b98f4800bf8fba
:0cab78005800bd27c0000000180000427b
:020000040000fa
:020000041d00dd
:10ab840099aa043c80bf023c55668424300040ac42
:10ab9400300044ac6655043caa998434300044ac7b
:10aba40000800334009006340002052403020424c8
:10abb400801245ac0072c724901240ac881243ac9a
:10abc400a01244ac0080043cb01240aca81246acc5
:10abd400c01245acd01240acc81243ace01247ac32
:10abe400f01244ace81243ac0000438c010004248e
:10abf4000463037c000043ac60030324400043acc3
:10ac04001700033c1f006324500043acffff0324e0
:10ac1400600043acf70f033ccf006324700043ace7
:10ac240000e3033c3e3c6324800043ac0d0d033c35
:10ac3400900043aca00040ac0000438c0463837cd0
:10ac4400000043ac3333033c33336324300043ac60
:08ac54000800e003000000000d
:020000040000fa
:020000041d00dd
:10ac5c00e8ffbd271400bfaf00606241c0000000d8
:10ac6c00e12a400f00000000008002400300423443
:10ac7c0000808240c000000080bf023c0008438c72
:10ac8c00020004240418837c000843ac0008438ca5
:10ac9c00010004240429837c000843ac2226400fc5
:10acac0000000000ca28400f00000000c12c400f1b
:10acbc0000000000e533400f000000000433400f9b
:10accc00000000004728400f000000008d33400fab
:10acdc00000000003734400f000000009a33400f92
:10acec00000000006f2f400f00000000ab2f400f42
:10acfc00000000008d2f400f00000000e92c400fd9
:10ad0c00000000002c34400f00000000322d400fda
:10ad1c0000000000206062411400bf8f0800e003b7
:04ad2c001800bd2727
:020000040000fa
:020000041d00dd
:10ad3000001080440080033c580463240080063cdb
:10ad40000080083c0010e0440001672425286000d2
:10ad5000581dc624581508250000a2840200a52409
:10ad6000c01002000100484c2110c200000041d474
:10ad7000020020462108014c3c10204602000045fc
:10ad8000000040f486002046f4ffe5540000a28451
:10ad9000019d023ce8d244d4019d023ce0d240d463
:10ada0000080053c06000010830022460d0020466e
:10adb00000000244020063240f00e310ffff82a0a2
:10adc00000006284c01002000100464c02102046c0
:10add0003e212046f5ff044501008424010024465d
:10ade000020063240d0020460000024425104500a7
:10adf000f3ffe314ffff82a00800e003000000005f
:020000040000fa
:020000041d00dd
:10ae0000e8ffbd271400bfaf5600400f0000000050
:10ae1000a734400f030004244d34400f000000000d
:10ae2000a734400faa0004242134400ff100042469
:10ae30002134400f7f0004242134400ff200042409
:10ae40002134400f252000002134400ff30004245a
:10ae50002134400f7f0004242134400f810004245a
:10ae60002134400f8f0004242134400fc0000424fb
:10ae70002134400f020004242134400fa300042495
:10ae80002134400f250004242134400fa90004245c
:10ae90002134400fd10004242134400f89000424c0
:10aea00025280000c829400f252000001000042498
:10aeb000253000008928400ff00005241400bf8fc2
:0caec000a90004242134400b1800bd2719
:020000040000fa
:020000041d00dd
:10aecc00e0ffbd271800b1af1400b0af1c00bfaf3e
:10aedc00258080000d0080102588a000b433400f21
:10aeec000b00042401000224019d043c1d0002a25d
:10aefc000002032486bf023c2528000228d58424a6
:10af0c00340243acb435400f00000000bc000426f2
:10af1c00bc0011ae04000724b40006267831400fa3
:10af2c00040005240b000524e334400f0300042423
:10af3c000500001000000000f534400f0000000078
:10af4c000b0040141c00bf8f1d000292ff0042300a
:10af5c00f9ff4014030004241c00bf8f01000224dd
:10af6c001800b18f1400b08f0800e0032000bd273b
:10af7c00251000001800b18f1400b08f0800e003fa
:04af8c002000bd27bd
:020000040000fa
:020000041d00dd
:10af900003008014251000000800e00300000000fa
:10afa0000400828ce0ffbd271800b1af20004230c2
:10afb0001400b0af1c00bfaf258080000900401016
:10afc0002588a0001400828c1800838c2b1062004e
:10afd000140040542c00828c280000ae180000aef3
:10afe000140000ae3c00058e4000028e2b18a2001b
:10aff00004006010010006240000048e1a36400f81
:10b000002328a200400000ae3c0000ae0b0020123e
:10b01000251000001c36400f0000048e08000010b0
:10b020001c00bf8f2530000009f8400025280000d3
:10b030001400038ee8ff6014ffff02241c00bf8f82
:10b040001800b18f1400b08f0800e0032000bd2766
:020000040000fa
:020000041d00dd
:10b050000200822c03004014000000000800e003fe
:10b06000000000001a00801088bf023c4007488c96
:10b07000ffff033cff7f6324241868004021040085
:10b08000c00746240008a82c00800734400743acc2
:10b09000190000152120c400ff1f063cc01a05003e
:10b0a00000f8c634241866008054a57c2528a30027
:10b0b0000040033c2528a300000085ac4007438cda
:10b0c00025186700400743ac0800e00300000000bb
:10b0d0004007488c7fff03244021040024186800a7
:10b0e000c00746240008a82c80000724400743ac72
:10b0f000e9ff00112120c400000085acefff001023
:04b10000000000004b
:020000040000fa
:020000041d00dd
:10b10400f8ffbd270800acf70c00a38f0055627c44
:10b1140033044428150080100800a0d70010804490
:10b124000010e04432602246100001450000000097
:10b13400019d043c0f00610480d684d40160244640
:10b144000000244601002c46ff0342280e00401054
:10b154000800a1d70000a0f714006004019d023c80
:10b164000800a0af0c00a0af0800a0d70800e003bf
:10b174000800bd270800a1d700002446010024468a
:10b18400f1ff0010010021463c11204640082046f2
:10b19400f5ff04450800a1f7019d023c88d640d480
:10b1a40001082046f0ff00100800a0f7fdff001082
:04b1b40078d640d435
:020000040000fa
:020000041d00dd
:10b1b80081bf023c4000448cf8ffbd2701000324f6
:10b1c800010084300400bfaf440043ac006062411a
:10b1d800c000000000480640005803400080073cbb
:10b1e800f802e2240c00458c21186500ceff652486
:10b1f8002b28c5000d00a0503200c62400588340fb
:10b20800c0000000206063410800438cf802f98cfc
:10b2180001006324080043ac0d0020130400bf8f15
:10b228000400458c080020030800bd27005886400c
:10b23800c0000000206063410800438cf802f98ccc
:10b2480001006324080043acf5ff20170400bf8ffa
:08b258000800e0030800bd2717
:020000040000fa
:020000041d00dd
:10b26000756c033cc8ffbd27286e63241800a3af8c
:10b270006c2903242800b2af2000b0af3400bfaf68
:10b280003000b4af2c00b3af2400b1af25908000e4
:10b290002510e0001c00a3a71e00a0a30200c01000
:10b2a0001800b0272580c0000400b18c0800b38cc2
:10b2b000030040140000b48cfd33400f2520000231
:10b2c000020020062b1822020b1023021000b4af3c
:10b2d0002538600225280002252040020a29400f57
:10b2e000253040003400bf8f3000b48f2c00b38f66
:10b2f0002800b28f2400b18f2000b08f0800e00337
:04b300003800bd272d
:020000040000fa
:020000041d00dd
:10b304000080023481bf033c081062ac0080043c1e
:10b314000080023cc44142244442842401000524a8
:10b32400000040a0080040ac0c0040ac040045ac58
:10b3340010004224fbff4454000040a00080063467
:10b34400001066ac0b00023c030004241025062404
:10b35400601064ac701066ac801062ac201160acfc
:10b36400301160ac401162ace01164ac10370424bd
:10b37400f01164ac10280424001262aca01565ac72
:10b38400b01564acc01562ac00070224e80062acde
:10b394000002023c180162ac0800e0030000000057
:020000040000fa
:020000041d00dd
:10b3a40099aa043c80bf023c55668424300040ac1a
:10b3b400300044ac6655043caa998434300044ac53
:10b3c4008cbf033c08000424080064ac300040ac8b
:10b3d4000000628c0400027c000062ac0000628cfd
:10b3e4004452027c000062ac0000628cc47b027c8c
:10b3f400000062ac0000628c8001427cfdff4014be
:10b404005923023c00504224200062ac0722023c33
:10b4140000294224300062ac00400224140062acd3
:10b4240000800234100060a0080062ac0800e00351
:04b434000000000014
:020000040000fa
:020000041d00dd
:10b4380088bf033c0000628c0004063c04d6027cf2
:10b4480025104600000062ac040006240000628c4f
:10b458004015427cfdff4614401104000008a62c4c
:10b46800d00764241300c01421208200ff1f063c6b
:10b47800c012050000f8c6348054a57c241046008c
:10b488002510a2000040053c25104500000082acb4
:10b498000000628c04d6027c000062ac0000628c62
:10b4a8004015427cfdff4014000000000800e00346
:10b4b80000000000000085acf5ff0010000000004f
:020000040000fa
:020000041d00dd
:10b4c80081bf023c04000624000405240400073c54
:10b4d8000010042408000824080044ac480146acc5
:10b4e800780145aca80146acb80147acd80148acd6
:10b4f80000080824d80148ac0c00083c180248ace5
:10b50800000c083c180248ac5476033c680246ac70
:10b518000800063c680245ac10326324680246ac59
:10b528000c000624780246acf08180afe80347acf3
:10b5380025206000280445ac100043ac1000438c63
:10b54800feff6414000000000800e0030000000093
:020000040000fa
:020000041d00dd
:10b558000400828ce0ffbd271c00bfaf000147300c
:10b568001800b1af1700e0101400b0af1000828cc3
:10b578002518c0002b88c2000a1851000c00601062
:10b5880025886000258080001400848c4234400f98
:10b59800253060001400028e1000038e2110510027
:10b5a80023887100140002ae100011ae000040a004
:10b5b8001c00bf8f1800b18f1400b08f0800e00383
:10b5c8002000bd2710004230faff40541c00bf8ff6
:10b5d8001635400f00000000f6ff00101c00bf8f5a
:020000040000fa
:020000041d00dd
:10b5e80082612c46019d033cd0cc6ad4019d033c6a
:10b5f800d8cc62d4019d033ce0cc68d4019d033cc7
:10b60800a9324a4ce8cc62d402312646019d033c5b
:10b618002932484cf0cc62d41000a28f0260264632
:10b6280002212646a140464c06004014a1204a4c5f
:10b63800019d023cf8cc4ed4a930c24d0800e0036d
:10b648002110804d82102046019d023c00cd44d43b
:10b65800019d023ca970444ca910c64d08cd46d4a2
:10b6680002002646011020460800e003016020463b
:020000040000fa
:020000041d00dd
:10b67800080004240080033cc08184afd48184afd7
:10b68800009d043cf8016324e8ffbd271848842482
:10b6980025106000e08183af1400bfafe48184af60
:10b6a80000016324000040a001004224feff43542f
:10b6b800000040a01e0002242528000025200000cc
:10b6c800ac8182af10000224b432400fa88182af4f
:10b6d80001000224bc8182a3019d023c90ca42243d
:10b6e80025200000122f400fd88182af1400bf8f91
:0cb6f800c88180af0800e0031800bd27e7
:020000040000fa
:020000041d00dd
:10b704000c00a7af0c00a38f0800a6af2510800083
:10b7140002450300ff0705310e00a0140800a48fa2
:10b72400019d033c0008864478d460d40008e744b3
:10b73400000805240208204600000644000067446f
:10b744002520c0000055e67c0200c0102518e0004a
:10b75400c1ffc524c2370400401803002518c300e4
:10b7640040200400000044ac00a0637c2000043ca2
:10b7740025188300ccfba52400080831040043ac41
:0cb78400080045ac0800e0030c0048acd5
:020000040000fa
:020000041d00dd
:10b790000004c2281300401402fcc328019d023c8f
:10b7a000b0d740d401fcc224000443280600601432
:10b7b000026320460263204602f8c22400044428a3
:10b7c000ff0303240a10640025200000ff03422425
:10b7d00000008444002d02000000e5440800e0035e
:10b7e00002602046f8ff60102510c000019d033c58
:10b7f000b8d760d4c903c22402fc4328f2ff60100a
:10b80000026320469207c22402fc442802fc03245f
:0cb8100002632046ecff00100b106400e7
:020000040000fa
:020000041d00dd
:10b81c008000a2287f0003240a2862000000a228ce
:10b82c000b280200c3300500f0008228ef0007242b
:10b83c00b08083930a20e2000011060000008728e4
:10b84c00231046000b20070000110200ff0063309c
:10b85c00d08184afc48185af0800601021104400f2
:10b86c0001a0043c00a08424211082000700a53014
:10b87c00dc8182af0800e003cc8185af01a0043ce1
:10b88c0000af8424211082000700a530dc8182af38
:08b89c000800e003cc8185af38
:020000040000fa
:020000041d00dd
:10b8a400b400878c1f000324ff000224070000104b
:10b8b4000700082440100200ff0042301d004638f3
:10b8c400ffff63240d0068100b10c50006286700f5
:10b8d4000100a530f7ffa0108000453027280200a2
:10b8e40040100200ff0042308000a5301d004638a1
:10b8f400ffff6324f5ff68140b10c5002710020036
:10b90400ff004230ff00e730050047100000000050
:10b9140001000224200082a00800e003251000009a
:08b924000800e0030100022409
:020000040000fa
:020000041d00dd
:10b93000424d4134783000005343413333303000be
:10b9400053434c3333303000424d413430300000eb
:10b950004e4f20494d55200074479ca1faff0f3fe0
:10b9600074479ca1faff1f3fc41d519c0100303f4a
:10b970007e411fedfeff3f3f000000000000f03f52
:10b980002a36e675c4212b3f89b5f81400e3393f08
:10b990006fd39ffd4811493f46bafa0c03f1253f8a
:10b9a00058045a153ce0353f46bafa0c03f1153fee
:08b9b00046bafa0c03f1153f41
:020000040000fa
:020000041d00dd
:10b9b80082642c46019d023c90cc4ad4019d023cf5
:10b9c80098cc50d4019d023ca0cc44d4019d023cab
:10b9d800a8cc42d4019d023c029232462191444cab
:10b9e800b0cc42d4019d023cb8cc46d4019d023c67
:10b9f80082922a4682632e46024228462921524cc8
:10ba0800c0cc42d4019d023ca991464cc8cc42d43a
:10ba180001802a46a131524c82313246a120c84cbd
:10ba2800a910d24d8183204681732a4680102e4664
:08ba38000800e00300102046a5
:020000040000fa
:020000041d00dd
:10ba4000e8ffbd271400bfafc030400f000000006a
:10ba50000036400f000000001b43033c83de6334cc
:10ba600019004300019d043c25280000acc8842433
:10ba70001010000082140200d435400fa48182af60
:10ba8000be35400f00000000b935400f0000000037
:10ba9000019d043c25280000cc35400f38d8842473
:10baa0008035400f00000000c4bf023c2050428c93
:10bab0001400bf8f1800bd2700e0427c0800e0039f
:04bac0009c8082af35
:020000040000fa
:020000041d00dd
:10bac400b0808293d8ffbd271c00b0afff00423086
:10bad40001a0103c2000b1af2400bfaf0200401011
:10bae40000af112600a01126030003241080828fca
:10baf400feff431400000000c432400f00000000a9
:10bb0400000f02241400a2af1000a2af25382002b7
:10bb1400f89f052604000624732a400f010004241c
:10bb24002400bf8f81bf023c800003242000b18f1a
:10bb34001c00b08f381143ac0800e0032800bd2777
:020000040000fa
:020000041d00dd
:10bb4800200cbc3c82e55a3f6b42100c19b2833f73
:10bb5800000000000000f03f6a1f30f0fd9c533fda
:10bb6800b0cd9a5c2ba1603fc540a98695bb6f3fbd
:10bb7800f2703f3682ba7e3f9e800555f1d06a3f0b
:10bb8800200cbc3c82e54a3fb3881892009d733f65
:10bb98006a1f30f0fd9c433ffcf10034039d633f76
:10bba8006666666666e63240000000000010714076
:10bbb800000000000000103f000000000080564018
:020000040000fa
:020000041d00dd
:10bbc800c8ffbd27ffff03241000a3af0201032411
:10bbd8002510a0003400bfaf2528c0001400a3af73
:10bbe800020080142530e0002c00a4271800a4af20
:10bbf8001c00a2af0200401025180000ffff4324dc
:10bc0800080041042000a3af0080023c4f00032439
:10bc1800642843acffff02243400bf8f0800e00310
:10bc28003800bd272800a4af2400a4af000080a0de
:10bc38005333400f1000a427f8ff00103400bf8fc3
:020000040000fa
:020000041d00dd
:10bc48000100022410008210ec8184af02008228d7
:10bc58000800401402000224140082100300022489
:10bc68000d008214019d023cf4d742240800e00331
:10bc7800e88182af08008014019d023ca8d64224c6
:10bc88000800e003e88182af019d023cdcd7422432
:10bc98000800e003e88182af019d023ca8d6422457
:10bca800ec8180af0800e003e88182af019d023c8f
:0cbcb800e8d742240800e003e88182afd6
:020000040000fa
:020000041d00dd
:10bcc4000800e003000000002518e003009d043c88
:10bcd4005413842416008010000000000000858c9a
:10bce4001300a010040084240000868c0400842423
:10bcf40000008b8404008424019d0c3c0cd78c250b
:10bd040080580b0021606c0100008c8d09f88001c3
:10bd1400000000002520400003008424fcff0624ca
:10bd24002420c4000000858cecffa0140000000057
:0cbd340025f860000800e003000000009b
:020000040000fa
:020000041d00dd
:10bd400020000524000082800d004510f7ff4324e9
:10bd50000500632c0a0060142b0003240a00431022
:10bd60002d000324030043142528000001000524ae
:10bd70000100842425100000070000100a00072499
:10bd8000f0ff001001008424f9ff001025280000b6
:10bd9000010084242310430000008380d0ff63242b
:10bda0000a00662cfaffc054021047700100a05030
:0cbdb000231002000800e0030000000067
:020000040000fa
:020000041d00dd
:10bdbc0083bf023c1000052400a045ac40a045ac5c
:10bdcc000008052410a045acd007052450a045acb4
:10bddc000a000324c000052420a043ac60a043ac9f
:10bdec00c0a345ac00c00534d0a345ace803052482
:10bdfc00e0a345ac4b000424f4010524f0a345acae
:10be0c0000a440ac10a444ac20a444ac50a440ac5e
:10be1c0040a440ac60a440ac80a440ac90a443ac23
:08be2c000800e0030000000023
:020000040000fa
:020000041d00dd
:10be340082bf023c81bf033c080007241000062493
:10be440020000524d40067acd40066acd40065acf3
:10be5400007040ac2070488c540067ac540066ac51
:10be6400540065ac01000324307043ac400003244b
:10be7400147043ac0100033c60006324087043acbd
:10be84000080043c0500032408038424087043aca8
:10be9400008003341c0080a0200080ac087043acf8
:08bea4000800e00300000000ab
:020000040000fa
:020000041d00dd
:10beac0082bf023c81bf033c2000073c4000063ca3
:10bebc008000053cd40067acd40066acd40065ac03
:10becc00007240ac2072488c540067ac540066acd5
:10bedc00540065ac07000324307243ac40000324cb
:10beec00147243ac8100033c200d6324087243acf4
:10befc000080043c0500032430038424087243ac06
:10bf0c00008003341c0080a0200080ac087243ac7d
:08bf1c000800e0030000000032
:020000040000fa
:020000041d00dd
:10bf280000004054fb21f93f3163621a61b4d03def
:10bf380000004054fb2109403163621a61b4e03dbe
:10bf480000000000000008400000307f7cd912404b
:10bf580000004054fb2119403163621a61b4f03d7e
:10bf680083c8c96d305fe43f00000000000038431b
:10bf78000000601a61b4d03d7370032e8a19a33b88
:10bf88000000002e8a19a33bc14920259a837b39da
:08bf98000000000000007041f0
:020000040000fa
:020000041d00dd
:10bfa00000088644280080d4080082d40008e744b2
:10bfb0008010214602002146080082f4080084d443
:10bfc000100082d43c102446070000450000000009
:10bfd000100082d4080082f4200084d4080082d4a7
:10bfe0000800e0032120024c080084d4180082d409
:10bff0003c212246f8ff044500000000180082d4ce
:10c00000080082f4200084d4080082d40800e003f1
:04c010002120024c9d
:020000040000fa
:020000041d00dd
:1001900019008010000000001100a01025300000a0
:1001a00083bf033c060007241080628c00024230ab
:1001b000fdff4014000000000080628c0600423009
:1001c00009004750000082940000829001008424be
:1001d000208062ac0100c624f3ffa61400000000da
:1001e0000800e0030100022402008424208062aca5
:1001f000f9ff00100100c6240800e00325100000ec
:020000040000fa
:020000041d00dd
:10c01800ec51b81e85eb913f0000000000003ec0c7
:10c028000000000000804140000000000000f03fd8
:10c038000000000000005e40000000000020ac404e
:10c048009a9999999999b93f0000000000002440f5
:10c058000000000000003c40555555555555054019
:10c068007b14ae47e17a843f0000000000000440e2
:10c07800000000000000f83f0000000000004940f8
:020000040000fa
:020000041d00dd
:10c08800cc81828fffff422403004004dc81848f2f
:10c098000800e003cc8182afb080839307000524b9
:10c0a80010ff8224ff006330cc8185af0800601048
:10c0b800dc8182af01a0033c00a063242b10430065
:10c0c80001004054dc8184af0800e0030000000058
:10c0d80001a0033c00af63242b104300faff405437
:0cc0e800dc8184aff8ff001000000000b5
:020000040000fa
:020000041d00dd
:10c0f400cc81828f01004224080043280300601091
:10c10400dc81848f0800e003cc8182afb08083930c
:10c11400cc8180aff0008224ff00633008006010ff
:10c12400dc8182af01a0033c00af63242b104300e9
:10c1340001004050dc8184af0800e00300000000ef
:10c1440001a0033c00be63242b104300faff4050bf
:0cc15400dc8184aff8ff00100000000048
:020000040000fa
:020000041d00dd
:10c16000200003240b20a5000b180500022c04005e
:10c170000400a0140212050010006334252880007a
:10c18000021205000400401402210200080063347a
:10c190002510a00002210200040080548210040037
:10c1a0000400633425204000821004000400405441
:10c1b0004210020002006334251080004210020089
:0cc1c000010042380800e0032510430095
:020000040000fa
:020000041d00dd
:10c1cc00e8ffbd271400bfaf9e2d400f00000000fc
:10c1dc00019d053c253000009087a5243535400f86
:10c1ec0025200000019d053c0100042425300000a1
:10c1fc003535400f18d8a52482bf023c0070438c03
:10c20c00010004241400bf8f8418837c007043ac9d
:10c21c000070438c1800bd270484837c007043acf1
:08c22c001634400b0000000075
:020000040000fa
:020000041d00dd
:10c2340025108000257000002a20c60103008054c8
:10c24400000044900800e003000000000900805052
:10c25400252000000000a4a0010042240100ce25f6
:10c26400f5ff00100100a5240000a0a00100842413
:10c274000100a524010047902a388700faffe01442
:10c2840021788e0002004224ebff00102570e001ab
:08c29400f8ff00102520000056
:020000040000fa
:020000041d00dd
:10c29c00130080042000822813004014e081858f55
:10c2ac00e481858fe0ff8424c02004002128a400b1
:10c2bc00c081828f0a004018dc81868f2510000017
:10c2cc008a21a27c2118c20001004224000064a033
:10c2dc00c081838f2a184300faff60548a21a27c04
:10c2ec000800e00300000000c0200400f0ff001074
:04c2fc002128a40051
:020000040000fa
:020000041d00dd
:10c30000f8ffbd270400bfaf006802400008033cef
:10c310002510430000688240c000000081bf033c3c
:10c3200001000424c40064ac2510000000488240d1
:10c33000c00000000080023c0403428c0058824090
:10c34000c000000000680240c4de027c0068824039
:10c35000c00000000400bf8fc80064ac0800e00308
:04c360000800bd27ed
:020000040000fa
:020000041d00dd
:10c36400e0ffbd27010002241400b0af1c00bfafe2
:10c374001800b1af070082102580c0001c00bf8fd9
:10c38400251000021800b18f1400b08f0800e003dc
:10c394002000bd272588a000252800026400400f46
:10c3a40025202002fdff4010252800021c00bf8f1d
:10c3b400251000021800b18f1400b08f0800e003ac
:04c3c4002000bd2771
:020000040000fa
:020000041d00dd
:10c3c8000080063c0080053c0080033c0080073c60
:10c3d800580dc6245815a524581d63245825e7244c
:10c3e800000082900800c624f8ffc1d480ff4224d0
:10c3f800000082440800a52421008046020021464e
:10c4080008006324f8ffa0acfcffa0ac0100842462
:10c41800f3ff6714f8ff60f40800e0030000000071
:020000040000fa
:020000041d00dd
:10c42800e8ffbd271000b0af1400bfaf2580800023
:10c4380000008480080080109f0000a2a730400ff1
:10c4480001001026df31400f0000000000000482c8
:10c45800faff801400000000c881828f0400401495
:10c468001400bf8f1000b08f0800e0031800bd272c
:0cc478001000b08fda34400b1800bd2714
:020000040000fa
:020000041d00dd
:10c48400b0808293ff00423009004010dc81838f2a
:10c4940001a0023c00a0422423106200df014230cc
:10c4a4000b004010ffff63240800e003dc8183af2e
:10c4b40001a0023c00af422423106200df0142309d
:10c4c40003004010ffff63240800e003dc8183af16
:08c4d4000800e0030000000075
:020000040000fa
:020000041d00dd
:10c4dc00019d023cd8ffbd2740c842241800a2afe2
:10c4ec00019d023c4cc842241400a2af019d023ca9
:10c4fc0058c84224019d073c019d063c0080043c29
:10c50c001000a2af14c8e72420c8c624ff000524dd
:10c51c002400bfafec34400f580384242400bf8f99
:08c52c000800e0032800bd2710
:020000040000fa
:020000041d00dd
:10c53400019d063c2510000060d6c6244018020068
:10c5440021186600000067800300e0540000858c19
:10c554000800e00301006290010042240000a8806a
:10c5640004000715ff004230010062900100a52479
:10c57400000085ac0b00432cf1ff6014401802004e
:08c584000800e00300000000c4
:020000040000fa
:020000041d00dd
:10c58c004d617920313020323032360056312e3028
:10c59c00303300004541444f47204c4344000000d9
:10c5ac000d2d2d2d20257320447269766572205631
:10c5bc00657273696f6e2020257320257320257397
:10c5cc00202d2d2d0d0a000031323a33303a303106
:04c5dc00000000005b
:020000040000fa
:020000041d00dd
:10c5e0000800a01000000000060080100080023c3f
:10c5f0004c03429005004014000000001d17400b42
:10c60000000000000300e014000000000800e00348
:10c6100025100000fdffc010000000000080023c5b
:10c620004c034290f9ff401400000000f3ff00109b
:04c630000000000006
:020000040000fa
:020000041d00dd
:10c634004d617920313020323032360056312e307f
:10c6440030320000444f5f46465420200000000072
:10c654000d2d2d2d20257320447269766572205688
:10c66400657273696f6e20202573202573202573ee
:10c67400202d2d2d0d0a000031323a33303a30315d
:04c6840000000000b2
:020000040000fa
:020000041d00dd
:10c688000000043ce8ffbd2700008424030080105c
:10c698001400bfaf09f880000000000000008430db
:10c6a8000000a530009d083cb802082509f80001e3
:10c6b800000000000000023c00004224030040107b
:10c6c8000000000009f8400000000000f9ff001019
:04c6d800000000005e
:020000040000fa
:020000041d00dd
:10c6dc00e0ffbd271400b0af2580a0005800052452
:10c6ec001800b1af1c00bfaf072e400f258880008b
:10c6fc004100022e01004050400010244030107eba
:10c70c00580005242328b000252020021c00bf8fd0
:10c71c001800b18f1400b08f1221400b2000bd27e0
:020000040000fa
:020000041d00dd
:10c72c0086bf023c2002428cc002427c0d004014a9
:10c73c006881838f2d00023cc0c642340100632403
:10c74c002b20620005008054688183af01004224d5
:10c75c00688182af0800e003010002240800e003b6
:10c76c0025100000688180af0800e0032510000050
:020000040000fa
:020000041d00dd
:10c77c00b481848fac81828fb881858f0100842431
:10c78c002a10820005004014b48184af0100a52456
:10c79c00b48180afb88185af25200000a881828f3d
:10c7ac002a10a2000300401400000000b88180afe2
:0cc7bc0025280000b432400b00000000f3
:020000040000fa
:020000041d00dd
:10c7c80083bf033c1080628c0e0042300d00401085
:10c7d800000000001080638c0e00633009006010b8
:10c7e80000000000e0ffbd271c00bfaf6032400f13
:10c7f8001000a2af1c00bf8f1000a28f0800e0033a
:0cc808002000bd270800e0030000000035
:020000040000fa
:020000041d00dd
:10c814005343783333303020200000002025732028
:10c824004472697665722056657273696f6e202052
:10c8340025732025732025730000000031323a331c
:10c84400303a3031000000004d617920313020321f
:10c854003032360056312e30303600004d617920aa
:10c86400313020323032360056312e31363000002d
:10c87400464654000d2d2d2d2025732044726976d3
:10c8840065722056657273696f6e202025732025aa
:10c8940073202573202d2d2d0d0a000031323a33db
:08c8a400303a303100000000c1
:020000040000fa
:020000041d00dd
:10c8ac000080053c251800005827a5240600062406
:10c8bc00401003002110a20000004494ffff8430bc
:10c8cc00050080100100632400004494ffff8424c1
:10c8dc00ffff8430000044a4f6ff661440100300f0
:08c8ec000800e0030000000059
:020000040000fa
:020000041d00dd
:10c8f4008000a3280e006014251000008200a328e5
:10c9040003006014830003240900a3140000000042
:10c914000000c28c070042240410027c0800432457
:10c924000000c3ac000040d401000224000080f4e5
:08c934000800e0030000000010
:020000040000fa
:020000041d00dd
:10c93c00019d023ce0ffbd27d4c54224019d073c6c
:10c94c00019d063c019d053c019d043c1000a2afdd
:10c95c008cc5e72498c5c624a0c5a5241c00bfaf70
:10c96c004433400facc584241c00bf8f0800e00387
:04c97c002000bd27b3
:020000040000fa
:020000041d00dd
:10c9800083bf033c1080628c0200423007004010dd
:10c9900002000224148062ac1080628c01004230dc
:10c9a00006004010000000003080628c1080628c15
:10c9b00001004230fcff4014000000000800e003ca
:04c9c0000000000073
:020000040000fa
:020000041d00dd
:10c9c400019d023ce0ffbd277cc64224019d073c3b
:10c9d400019d063c019d053c019d043c1000a2af55
:10c9e40034c6e72440c6c62448c6a5241c00bfafed
:10c9f4004433400f54c684241c00bf8f0800e00356
:04ca04002000bd272a
:020000040000fa
:020000041d00dd
:10ca0800019d023ce0ffbd27a0c84224019d073cd0
:10ca1800019d063c019d053c019d043c1000a2af10
:10ca280060c8e7246cc8c62474c8a5241c00bfaf1e
:10ca38004433400f78c884241c00bf8f0800e003eb
:04ca48002000bd27e6
:020000040000fa
:020000041d00dd
:10ca4c0000606041c000000099aa033c80bf023c1a
:10ca5c0055666324300040ac300043ac6655033c53
:10ca6c00aa996334300043ac80bf023c010003241c
:10ca7c00581243ac80bf023c5012428c9532400b92
:04ca8c0000000000a6
:020000040000fa
:020000041d00dd
:10ca90000000000000000000ffffffffffffffff9e
:10caa000aa55aa55aa55aa5511440011440011448b
:10cab00092452492452492454992244992244992d0
:10cac0002211220022112200112211001122110034
:020000040000fa
:020000041d00dd
:10cad000a881838f2510a000ac81868f2a28a3000f
:10cae000ffff63240a106500d481858fb88182af6f
:10caf0002a38860002284570c081828fffffc62435
:10cb00000a20c700b48184af072e400b0220827038
:020000040000fa
:020000041d00dd
:10cb1000e8ffbd271400bfaf1433400f25200000ed
:10cb2000fdff4014000000001433400f01000424f6
:10cb3000fdff4014000000001433400f02000424e5
:10cb4000fdff40141400bf8f0800e0031800bd274c
:020000040000fa
:020000041d00dd
:10cb5000e8ffbd271400bfaf6134400f1800a4af39
:10cb60006b34400f000000007f34400f1800a48f8a
:10cb70007534400f00000000b18082931400bf8f15
:10cb80001800bd27010042240800e003b18082a301
:020000040000fa
:020000041d00dd
:10cb900006008054ffff842488bf023c5001428c71
:10cba000241045000800e0032b1002004018040088
:10cbb0002120640088bf023c00210400800142243f
:10cbc0000a10447c241045000800e0032b100200ea
:020000040000fa
:020000041d00dd
:10cbd00006008054ffff842488bf023c5001428c31
:10cbe000271002000800e00301004230401004005a
:10cbf0002120440088bf023c00210400800142241f
:10cc00000a10447c271002000800e00301004230b3
:020000040000fa
:020000041d00dd
:10cc1000f8ffbd270400bfaf006802400008033cd6
:10cc20002510430000688240c00000000400bf8f50
:10cc30000080023cf802432460ea04340c0064ac37
:10cc4000080060acf80240ac0800e0030800bd2713
:020000040000fa
:020000041d00dd
:10cc50000080023c00290400c44142244018040022
:10cc60008a11457c2118640081bf043c80190300af
:10cc7000801084240a18647c030040100000000027
:10cc80000b0063300100622c0800e003000000008c
:020000040000fa
:020000041d00dd
:10cc9000000000000000e03f000000000000f03f46
:10cca000d43888bee9faa8bdc4b1b4bd9eee213e19
:10ccb000ad529c804f7e923e9015cb19a001fa3e5a
:10ccc0007751c1166cc1563f4c5555555555a53f2a
:10ccd0007cd5cf5a3ad9e53deb9c2b8ae6e55a3e06
:10cce0007dfeb157e31dc73ed561c119a0012a3fa2
:10ccf000a6f810111111813f495555555555c53f9d
:10cd0000000000000000e03f495555555555c5bf8e
:020000040000fa
:020000041d00dd
:10cd10000080023cf401428ce0ffbd272400a5af57
:10cd20002800a6af2c00a7af252880000000448c67
:10cd30002400a6271c00bfaf5333400f1000a6af3e
:0ccd40001c00bf8f0800e0032000bd278e
:020000040000fa
:020000041d00dd
:10cd4c00e0ffbd271800b0af1000a6af2580800013
:10cd5c001c00bfaf6f0c400f1000a6270400038e01
:10cd6c001c00bf8fffff0424100063300b108300e6
:0ccd7c001800b08f0800e0032000bd2765
:020000040000fa
:020000041d00dd
:10cd88000800c01025108000200003242318660026
:10cd98000600601c0620c500252000000610c500fe
:10cda800252880000800e0032518a0000610c2000e
:10cdb80004286500faff0010251045000800c0107f
:10cdc8002510800020000424232086000600805cb3
:10cdd8000418c200251800000428c20025106000ad
:10cde8000800e0032518a0000428c50006108200ea
:08cdf800faff00102528a2003b
:020000040000fa
:020000041d00dd
:10ce0000e8ffbd272510a0001000b0af2528800046
:10ce10002580c0001400bfafb432400f2520400071
:10ce2000252000021400bf8f1000b08f0a31400b84
:04ce30001800bd2702
:020000040000fa
:020000041d00dd
:10ce340083bf023c2004032400b443ac0100032458
:10ce440010b440acb0b440acc0b440ac20b443acbb
:10ce540081bf023c00040324180143ac0800e00332
:04ce640000000000ca
:020000040000fa
:020000041d00dd
:10ce680082bf023c00800334040843ac480003241a
:10ce7800080843ac7b920334100840ac200843ac4c
:10ce880081bf023c0001033cc80043ac0800e0033a
:04ce98000000000096
:020000040000fa
:020000041d00dd
:10ce9c000a008010019d023c0800828c0500432c86
:10ceac0006006050019d023cc0180200019d023c2e
:10cebc0030b942240800e003211043000800e003cd
:04cecc0050b94224f3
:020000040000fa
:020000041d00dd
:10ced000a481828ff8ffbd270400bfaf02208270bb
:10cee0002510000000488240c000000000480240b9
:10cef0002b104400fdff40140400bf8f0800e00326
:04cf00000800bd2741
:020000040000fa
:020000041d00dd
:10cf0400f881998f83bf023c20b4448c000403242d
:10cf140081bf023c940043ac03002013fc81858f45
:10cf240008002003aa2a84300800e003000000005f
:020000040000fa
:020000041d00dd
:10cf34000900a0100000000007008010000000009d
:10cf44000080023c24034290030040142538000072
:10cf54004119400b253000000800e00325100000b3
:020000040000fa
:020000041d00dd
:10cf640081bf023c4000448cc880998f0001033c7f
:10cf74000006847c440043ac03002013000000003e
:10cf840008002003cc80858f0800e0030000000027
:020000040000fa
:020000041d00dd
:10cf940082bf023c00800334040a43ac2f7503248f
:10cfa400080a40ac100a40ac200a43ac81bf023ce2
:10cfb40000100324e80043ac0800e0030000000074
:020000040000fa
:020000041d00dd
:10cfc40081bf023c6000448cd080998f0010032400
:10cfd4000003847c640043ac0300201300000000c1
:10cfe40008002003d480858f0800e00300000000bf
:020000040000fa
:020000041d00dd
:10cff400000082800800401000000000251080001e
:10d004000100422400004380feff605401004224da
:10d014000800e003231044000800e003251000008a
:020000040000fa
:020000041d00dd
:10d02800000000000000703e000000000000704199
:10d03800000000000000c03f000000000000204089
:10d04800000000000000e03f000000000000f03f8a
:020000040000fa
:020000041d00dd
:10d05800e8ffbd271400bfafb12e400f000000004d
:10d06800c432400f000000001400bf8fa50705243c
:0cd0780025200000e421400b1800bd271b
:020000040000fa
:020000041d00dd
:10d08400e0ffbd271c00bfaf5734400f1000a4af12
:10d094006b34400f000000007f34400f1000a48f59
:0cd0a4001c00bf8f7534400b2000bd271e
:020000040000fa
:020000041d00dd
:10d0b00082bf023c00800334041043ac7800032498
:10d0c000081043ac84df033c7f756324101040ac30
:0cd0d000201043ac0800e003000000004a
:020000040000fa
:020000041d00dd
:10d0dc0083bf023c08000324008043ac00140324eb
:10d0ec00188043ac20000324408043ac0080033400
:0cd0fc00088043ac0800e00300000000c6
:020000040000fa
:020000041d00dd
:10d108000800c010251080002130860025188000f6
:10d118000100a524ffffa79001006324fcff66140b
:0cd12800ffff67a00800e003000000000b
:020000040000fa
:020000041d00dd
:10015800e8ffbd271400bfafc432400f0000000005
:100168001400bf8f86bf023c00020324340143ac55
:080178000800e0031800bd2798
:020000040000fa
:020000041d00dd
:10d13400e8ffbd271400bfafc432400f0000000059
:10d144001400bf8f86bf023c00020324380143aca5
:08d154000800e0031800bd27ec
:020000040000fa
:020000041d00dd
:10d15c00e8ffbd271400bfafc432400f0000000031
:10d16c001400bf8f86bf023c40000324340143ac43
:08d17c000800e0031800bd27c4
:020000040000fa
:020000041d00dd
:10d18400e8ffbd271400bfafc432400f0000000009
:10d194001400bf8f86bf023c40000324380143ac17
:08d1a4000800e0031800bd279c
:020000040000fa
:020000041d00dd
:10d1ac00e8ffbd271400bfafc432400f00000000e1
:10d1bc001400bf8f86bf023c00080324340043ac2c
:08d1cc000800e0031800bd2774
:020000040000fa
:020000041d00dd
:10d1d400e8ffbd271400bfafc432400f00000000b9
:10d1e4001400bf8f86bf023c00080324380043ac00
:08d1f4000800e0031800bd274c
:020000040000fa
:020000041d00dd
:10d1fc00e8ffbd271400bfafc432400f1800a4a332
:10d20c001800a427cd33400f010005241400bf8f54
:08d21c000800e0031800bd2723
:020000040000fa
:020000041d00dd
:10d2240088bf023c2070438c0428837c207043ac6c
:10d234002070438c010004240442837c207043ac9e
:08d244000800e00300000000f7
:020000040000fa
:020000041d00dd
:10d24c00f081998f81bf023c00200324440043ac41
:10d25c0003002013f481858f080020030020042490
:08d26c000800e00300000000cf
:020000040000fa
:020000041d00dd
:10d27400c080998f81bf023c0040033c440043ac12
:10d28400030020130000000008002003c480848fe2
:08d294000800e00300000000a7
:020000040000fa
:020000041d00dd
:10d29c0040200400ffff84300080033c582764a426
:10d2ac0058276294ffff4230fdff4014000000003d
:08d2bc000800e003000000007f
:020000040000fa
:020000041d00dd
:10d2c800000000000000f03f182d4454fb21993f56
:10d2d800000000000000e03f0000000000e06f4098
:08d2e800000000000000e0411d
:020000040000fa
:020000041d00dd
:10d2f0000700c01025108000202c057c21308600fe
:10d300002518800001006324feff6614ffff65a05e
:08d310000800e003000000002a
:020000040000fa
:020000041d00dd
:10d31800e8ffbd271000b0af1400bfafd034400ff6
:10d32800258080001400bf8f251000021000b08fe8
:08d338000800e0031800bd2706
:020000040000fa
:020000041d00dd
:10d3400002000010251080002510c0000100a52457
:10d35000ffffa38001004624fbff6014ffffc3a072
:08d360000800e00300000000da
:020000040000fa
:020000041d00dd
:10d36800e8ffbd271400bfafc432400f0000000023
:10d378001400bf8fa507052425200000e421400bd9
:04d388001800bd27a5
:020000040000fa
:020000041d00dd
:10d38c000080023c4028050040200400582742241d
:10d39c00ffffa53021208200000085a40800e003d7
:04d3ac00000000007d
:020000040000fa
:020000041d00dd
:10d3b000e0ffbd272c00a7af2c00a7271c00bfafa4
:10d3c000f22e400f1000a7af1c00bf8f0800e00333
:04d3d0002000bd2755
:020000040000fa
:020000041d00dd
:10d3d4000080023c5827422440200400212082007f
:10d3e40000008294ffff42300800e0030100422c59
:020000040000fa
:020000041d00dd
:10d3f400250200b41f0000b4020100b4380300b4d5
:10d404001f0000b4020100b4250200b4380300b4c4
:020000040000fa
:020000041d00dd
:10d418000000000000005e40000000000000e04145
:10d42800182d4454fb21a93f4b715e3071134a3fbc
:10d43800000000000000f03f000000000000244051
:10d4480000000000000050430000000000001440ed
:020000040000fa
:020000041d00dd
:10d458000000848ce8ffbd271400bfafd930400f0f
:10d46800000000001400bf8f0800e0031800bd276b
:020000040000fa
:020000041d00dd
:10d47800000000000000e043000000000000e0c3de
:10d48800000000f0ffff1f34000000000000f0075c
:020000040000fa
:020000041d00dd
:10d4980000008c90ffffc624010084240000aca08b
:10d4a800fbffc0140100a5240800e003251080003c
:020000040000fa
:020000041d00dd
:10d4b80088bf033cd000628c02120200000082a0e8
:0cd4c800d000628c0800e0030000a2a06d
:020000040000fa
:020000041d00dd
:10d4d4000080023c00210400c44142242120820037
:0cd4e400080085ac0800e0030c0086acda
:020000040000fa
:020000041d00dd
:10d4f00083bf023c00a0439401000424c47b837cce
:0cd5000000a043a40800e00300000000ad
:020000040000fa
:020000041d00dd
:10d50c0083bf023c00220400e0a04224211044000e
:0cd51c00000045ac0800e0030000000027
:020000040000fa
:020000041d00dd
:10d528000400801086bf023c00020324380243ac8a
:0cd538001d0080a00800e00300000000bf
:020000040000fa
:020000041d00dd
:10d54400608184d7019d023c30d442d401602446da
:0cd55400a100824c0800e003608182f717
:020000040000fa
:020000041d00dd
:10d56000588184d7019d023c30d442d401602446c6
:0cd57000a100824c0800e003588182f703
:020000040000fa
:020000041d00dd
:10d57c00508184d7019d023c30d442d401602446b2
:0cd58c00a100824c0800e003508182f7ef
:020000040000fa
:020000041d00dd
:10d59800bfff83241a00632c02006010251080004e
:0cd5a800200082340800e00300000000b6
:020000040000fa
:020000041d00dd
:10d5b4009fff83241a00632c020060102510800052
:0cd5c4005f0082300800e003000000005f
:020000040000fa
:020000041d00dd
:10d5d0000000200201020006000000000b0800000d
:08d5e000010000000000000042
:020000040000fa
:020000041d00dd
:10d5e80088bf023c00210400007642240a10447cd3
:08d5f8000800e003ffff4230d0
:020000040000fa
:020000041d00dd
:10d6000083bf033c00b4628c0080423400b462ac3f
:08d610000800e0030000000027
:020000040000fa
:020000041d00dd
:10d61800f8ffbd270400bfaf006802400070024059
:08d62800ffff001000000000ec
:020000040000fa
:020000041d00dd
:10d630008100023c82bf033c200d4224087262ac90
:08d640000800e00320000224b1
:020000040000fa
:020000041d00dd
:10d6480000601a40bfff1b3cffff7b3724d05b0301
:08d6580000609a401800004236
:020000040000fa
:020000041d00dd
:10d6600068076c094c836a9074a07ac0008068884f
:08d6700000846c8200810000bf
:020000040000fa
:020000041d00dd
:10d67800000000000000f0bf000000000000304380
:08d68800000000000000f03f6b
:020000040000fa
:020000041d00dd
:10d69000ffffc6240000a0a0fdffc0140100a524c8
:08d6a0000800e00325108000e2
:020000040000fa
:020000041d00dd
:10d6a80027100600241045002420c4000800e003c9
:04d6b80025104400f5
:020000040000fa
:020000041d00dd
:10d6bc00b0808293dc81828f010042240800e00359
:04d6cc00dc8182afcc
:020000040000fa
:020000041d00dd
:10d6d0000080023c30034224200044ac0800e003f8
:04d6e000240045ac31
:020000040000fa
:020000041d00dd
:10d6e40082bf023c00800334081043ac0800e0030e
:04d6f4000000000032
:020000040000fa
:020000041d00dd
:10d6f80082bf023c00800334080a43ac0800e00300
:04d70800000000001d
:020000040000fa
:020000041d00dd
:10d70c0090d6009d98d4009dc4bc009dc4bc009dc7
:10d71c0034c2009d0001020304050607080c101416
:04d72c001820304051
:020000040000fa
:020000041d00dd
:10d73000f8818227000044ac0800e003040045acf7
:020000040000fa
:020000041d00dd
:10d7400082bf023c1010428c0800e0030000000081
:020000040000fa
:020000041d00dd
:10d75000d0808227000044ac0800e003040045ac00
:020000040000fa
:020000041d00dd
:10d7600083bf023c1080428c0800e003010042307d
:020000040000fa
:020000041d00dd
:10d77000e8ffbd271400bfaf8635400f0000000052
:020000040000fa
:020000041d00dd
:10d780000000000000002440000000000000e04114
:020000040000fa
:020000041d00dd
:10d79000494e4600696e66004e414e006e616e0055
:020000040000fa
:020000041d00dd
:10d7a000000000000000f03f000000000000704793
:10d7b000000000000000e07f0000000000006003a7
:020000040000fa
:020000041d00dd
:10d7c00000000000000070380000000000007047fa
:020000040000fa
:020000041d00dd
:0cd7d0002b2004000800e003c88184af97
:020000040000fa
:020000041d00dd
:0cd7dc00241086000800e0032510a200c5
:020000040000fa
:020000041d00dd
:0cd7e8002410c5000800e003241082009b
:020000040000fa
:020000041d00dd
:0cd7f400241086000800e0032610a200ac
:020000040000fa
:020000041d00dd
:0cd800009303023c0800e0030087423460
:020000040000fa
:020000041d00dd
:0cd80c00286e696c290000002500000057
:020000040000fa
:020000041d00dd
:08d818000800e003000000001d
:020000040000fa
:020000041d00dd
:08d820000800e0033c81828f47
:020000040000fa
:020000041d00dd
:08d828000800e0033481828f47
:020000040000fa
:020000041d00dd
:08d830000800e0033881828f3b
:020000040000fa
:020000041d00dd
:08d838000800e00300000000fd
:020000040000fa
:020000041d00dd
:08d840000800e00300000000f5
:020000040000fa
:020000041d00dd
:08d848000800e00300000000ed
:020000040000fa
:020000041d00dd
:08d850000800e00325100000b0
:020000040000fa
:020000041d00dd
:08d858000800e00325100000a8
:020000040000fa
:020000041d00dd
:08d860000800e00325100000a0
:020000040000fa
:020000041d00dd
:08d868000800e0032510000098
:020000040000fa
:020000041d00dd
:08d870000800e0032510000090
:00000001FF
